timestamp_us,angle_counts,magnet_ok
100700,1559,1
104604,1559,1
108476,1559,1
112192,1559,1
115908,1559,1
119620,1559,1
123336,1559,1
127056,1559,1
130776,1559,1
134492,1559,1
138204,1559,1
141920,1559,1
145640,1559,1
149352,1559,1
153068,1559,1
156784,1559,1
160496,1559,1
164212,1559,1
167924,1559,1
171640,1559,1
175356,1559,1
179064,1559,1
182780,1559,1
186496,1559,1
190208,1559,1
193924,1559,1
197640,1559,1
201356,1559,1
205072,1559,1
208780,1559,1
212496,1559,1
216212,1559,1
219924,1559,1
223640,1559,1
227356,1559,1
231072,1559,1
234788,1559,1
238496,1559,1
242212,1559,1
245928,1559,1
249640,1559,1
253360,1559,1
257076,1559,1
260792,1559,1
264508,1559,1
268220,1559,1
271936,1559,1
275652,1559,1
279364,1559,1
283080,1559,1
286796,1559,1
290512,1559,1
294228,1559,1
297936,1559,1
301656,1559,1
305372,1559,1
309084,1559,1
312800,1559,1
316516,1559,1
320232,1559,1
323948,1559,1
327656,1559,1
331372,1559,1
335088,1559,1
338800,1559,1
342516,1559,1
346232,1559,1
349940,1559,1
353656,1559,1
357364,1559,1
361080,1559,1
364796,1559,1
368508,1559,1
372228,1559,1
375944,1559,1
379656,1559,1
383376,1559,1
387092,1559,1
390808,1559,1
394524,1559,1
398236,1559,1
401952,1559,1
405672,1559,1
409380,1559,1
413096,1559,1
416812,1559,1
420528,1559,1
424244,1559,1
427956,1559,1
431672,1559,1
435388,1559,1
439100,1559,1
442816,1559,1
446532,1559,1
450252,1559,1
453968,1559,1
457680,1559,1
461396,1559,1
465112,1559,1
468820,1559,1
472536,1559,1
476252,1559,1
479968,1559,1
483684,1559,1
487396,1559,1
491112,1559,1
494828,1559,1
498540,1559,1
502260,1559,1
505980,1559,1
509692,1559,1
513412,1559,1
517128,1559,1
520844,1559,1
524560,1559,1
528272,1559,1
531992,1559,1
535708,1559,1
539420,1559,1
543136,1559,1
546856,1559,1
550572,1559,1
554288,1559,1
558000,1559,1
561716,1559,1
565432,1559,1
569144,1559,1
572860,1559,1
576576,1559,1
580292,1559,1
584008,1559,1
587720,1559,1
591436,1559,1
595152,1559,1
598864,1559,1
602580,1559,1
606296,1559,1
610012,1559,1
613728,1559,1
617436,1559,1
621156,1559,1
624872,1559,1
628584,1559,1
632300,1559,1
636020,1559,1
639732,1559,1
643448,1559,1
647160,1559,1
650876,1559,1
654592,1559,1
658300,1559,1
662016,1559,1
665732,1559,1
669444,1559,1
673160,1559,1
676876,1559,1
680592,1559,1
684308,1559,1
688016,1559,1
691732,1559,1
695452,1559,1
699164,1559,1
702880,1559,1
706596,1559,1
710312,1559,1
714028,1559,1
717740,1559,1
721456,1559,1
725172,1559,1
728880,1559,1
732596,1559,1
736312,1559,1
740028,1559,1
743744,1559,1
747456,1559,1
751172,1559,1
754888,1559,1
758600,1559,1
762316,1559,1
766032,1559,1
769752,1559,1
773468,1559,1
777176,1559,1
780896,1559,1
784612,1559,1
788324,1559,1
792040,1559,1
795756,1559,1
799464,1559,1
803180,1559,1
806892,1559,1
810608,1559,1
814324,1559,1
818032,1559,1
821748,1559,1
825464,1559,1
829172,1559,1
832888,1559,1
836600,1559,1
840320,1559,1
844036,1559,1
847744,1559,1
851460,1559,1
855176,1559,1
858884,1559,1
862600,1559,1
866316,1559,1
870032,1559,1
873748,1559,1
877460,1559,1
881176,1559,1
884892,1559,1
888600,1559,1
892316,1559,1
896032,1559,1
899748,1559,1
903464,1559,1
907176,1559,1
910892,1559,1
914608,1559,1
918320,1559,1
922036,1559,1
925752,1559,1
929468,1559,1
933184,1559,1
936896,1559,1
940612,1559,1
944328,1559,1
948036,1559,1
951752,1559,1
955468,1559,1
959184,1559,1
962904,1559,1
966616,1559,1
970332,1559,1
974048,1559,1
977756,1559,1
981472,1559,1
985188,1559,1
988904,1559,1
992620,1559,1
996332,1559,1
1000048,1559,1
1003772,1559,1
1007480,1559,1
1011204,1559,1
1014928,1559,1
1018636,1559,1
1022360,1559,1
1026088,1559,1
1029812,1559,1
1033536,1559,1
1037248,1559,1
1040972,1559,1
1044696,1559,1
1048408,1559,1
1052132,1560,1
1055856,1560,1
1059564,1560,1
1063288,1560,1
1067000,1560,1
1070724,1560,1
1074448,1560,1
1078156,1560,1
1081880,1560,1
1085604,1560,1
1089312,1560,1
1093036,1560,1
1096760,1560,1
1100484,1561,1
1104208,1560,1
1107916,1561,1
1111640,1560,1
1115364,1561,1
1119072,1560,1
1122796,1560,1
1126520,1560,1
1130228,1560,1
1133952,1560,1
1137668,1561,1
1141392,1561,1
1145116,1561,1
1148824,1561,1
1152548,1561,1
1156272,1561,1
1159980,1561,1
1163704,1561,1
1167428,1560,1
1171136,1561,1
1174860,1560,1
1178568,1560,1
1182292,1560,1
1186016,1560,1
1189728,1560,1
1193452,1560,1
1197176,1560,1
1200888,1559,1
1204612,1559,1
1208328,1559,1
1212052,1559,1
1215780,1559,1
1219488,1559,1
1223212,1559,1
1226936,1559,1
1230644,1559,1
1234368,1559,1
1238092,1559,1
1241804,1559,1
1245528,1559,1
1249236,1559,1
1252960,1559,1
1256684,1559,1
1260396,1559,1
1264120,1559,1
1267844,1559,1
1271552,1559,1
1275276,1559,1
1278996,1559,1
1282724,1559,1
1286448,1559,1
1290156,1559,1
1293880,1559,1
1297604,1559,1
1301312,1559,1
1305036,1559,1
1308760,1559,1
1312472,1559,1
1316196,1559,1
1319904,1559,1
1323632,1559,1
1327356,1559,1
1331068,1559,1
1334792,1559,1
1338516,1559,1
1342228,1559,1
1345952,1559,1
1349676,1559,1
1353400,1559,1
1357124,1559,1
1360832,1559,1
1364556,1559,1
1368280,1559,1
1371988,1559,1
1375712,1559,1
1379436,1559,1
1383144,1559,1
1386868,1559,1
1390576,1559,1
1394300,1559,1
1398024,1559,1
1401736,1559,1
1405464,1559,1
1409188,1559,1
1412900,1559,1
1416624,1559,1
1420348,1559,1
1424072,1559,1
1427796,1559,1
1431508,1559,1
1435232,1559,1
1438956,1559,1
1442664,1559,1
1446388,1559,1
1450112,1559,1
1453824,1559,1
1457548,1559,1
1461264,1559,1
1464988,1559,1
1468712,1559,1
1472420,1559,1
1476144,1559,1
1479868,1559,1
1483580,1559,1
1487304,1559,1
1491028,1559,1
1494740,1559,1
1498464,1559,1
1502172,1559,1
1505896,1559,1
1509620,1559,1
1513332,1559,1
1517056,1559,1
1520784,1559,1
1524496,1559,1
1528220,1559,1
1531944,1559,1
1535668,1559,1
1539392,1559,1
1543104,1559,1
1546828,1559,1
1550552,1559,1
1554264,1559,1
1557988,1559,1
1561712,1559,1
1565424,1559,1
1569148,1559,1
1572856,1559,1
1576580,1559,1
1580304,1559,1
1584016,1559,1
1587740,1559,1
1591464,1559,1
1595176,1559,1
1598900,1559,1
1602624,1559,1
1606348,1559,1
1610072,1559,1
1613780,1559,1
1617504,1559,1
1621228,1559,1
1624936,1559,1
1628660,1559,1
1632384,1559,1
1636092,1559,1
1639816,1559,1
1643536,1559,1
1647260,1559,1
1650984,1559,1
1654696,1559,1
1658420,1559,1
1662144,1559,1
1665852,1559,1
1669576,1559,1
1673300,1559,1
1677012,1559,1
1680736,1559,1
1684448,1559,1
1688172,1559,1
1691896,1559,1
1695608,1559,1
1699332,1559,1
1703056,1559,1
1706764,1559,1
1710488,1559,1
1714212,1559,1
1717936,1559,1
1721660,1559,1
1725368,1559,1
1729092,1559,1
1732816,1559,1
1736528,1559,1
1740252,1559,1
1743976,1559,1
1747684,1559,1
1751408,1559,1
1755120,1559,1
1758844,1559,1
1762568,1559,1
1766280,1559,1
1770004,1559,1
1773728,1559,1
1777436,1559,1
1781160,1559,1
1784884,1559,1
1788612,1559,1
1792336,1558,1
1796048,1559,1
1799772,1559,1
1803500,1559,1
1807212,1559,1
1810936,1559,1
1814660,1559,1
1818372,1559,1
1822096,1559,1
1825812,1559,1
1829536,1559,1
1833260,1559,1
1836968,1559,1
1840692,1559,1
1844416,1559,1
1848128,1559,1
1851852,1559,1
1855576,1559,1
1859284,1559,1
1863008,1559,1
1866716,1559,1
1870440,1559,1
1874164,1559,1
1877876,1559,1
1881600,1559,1
1885328,1559,1
1889040,1559,1
1892764,1559,1
1896488,1559,1
1900212,1559,1
1903936,1559,1
1907648,1559,1
1911372,1559,1
1915096,1559,1
1918808,1559,1
1922532,1559,1
1926256,1559,1
1929968,1559,1
1933692,1559,1
1937404,1559,1
1941128,1559,1
1944852,1559,1
1948560,1559,1
1952284,1559,1
1956008,1559,1
1959720,1559,1
1963444,1559,1
1967172,1559,1
1970884,1559,1
1974608,1559,1
1978320,1559,1
1982044,1559,1
1985768,1559,1
1989480,1559,1
1993204,1559,1
1996928,1559,1
2000640,1559,1
2004364,1559,1
2008084,1559,1
2011808,1559,1
2015532,1559,1
2019244,1559,1
2022968,1559,1
2026692,1559,1
2030400,1559,1
2034124,1559,1
2037848,1559,1
2041560,1559,1
2045284,1559,1
2048992,1559,1
2052716,1559,1
2056440,1559,1
2060152,1559,1
2063876,1559,1
2067600,1559,1
2071308,1559,1
2075032,1559,1
2078756,1559,1
2082480,1559,1
2086204,1559,1
2089916,1559,1
2093640,1559,1
2097364,1559,1
2101076,1559,1
2104800,1559,1
2108524,1559,1
2112236,1559,1
2115960,1559,1
2119668,1559,1
2123392,1559,1
2127116,1559,1
2130828,1559,1
2134552,1559,1
2138276,1559,1
2141984,1559,1
2145708,1559,1
2149432,1559,1
2153156,1559,1
2156880,1559,1
2160588,1559,1
2164312,1559,1
2168036,1559,1
2171744,1559,1
2175468,1559,1
2179192,1559,1
2182904,1559,1
2186628,1559,1
2190344,1559,1
2194068,1559,1
2197792,1559,1
2201504,1559,1
2205228,1559,1
2208952,1559,1
2212664,1559,1
2216388,1559,1
2220112,1559,1
2223824,1559,1
2227548,1559,1
2231256,1559,1
2234980,1559,1
2238704,1559,1
2242416,1559,1
2246140,1559,1
2249864,1559,1
2253576,1559,1
2257304,1559,1
2261028,1559,1
2264752,1559,1
2268476,1559,1
2272184,1559,1
2275908,1559,1
2279632,1559,1
2283340,1559,1
2287064,1559,1
2290788,1559,1
2294496,1559,1
2298220,1559,1
2301928,1559,1
2305652,1559,1
2309376,1559,1
2313088,1559,1
2316812,1559,1
2320536,1560,1
2324248,1560,1
2327972,1560,1
2331696,1560,1
2335420,1560,1
2339144,1560,1
2342856,1560,1
2346580,1560,1
2350304,1560,1
2354016,1560,1
2357740,1560,1
2361464,1560,1
2365172,1560,1
2368896,1560,1
2372612,1560,1
2376336,1560,1
2380060,1560,1
2383768,1560,1
2387492,1560,1
2391216,1560,1
2394924,1560,1
2398648,1560,1
2402372,1560,1
2406084,1560,1
2409808,1560,1
2413520,1560,1
2417244,1560,1
2420968,1560,1
2424680,1560,1
2428404,1561,1
2432128,1560,1
2435836,1561,1
2439560,1561,1
2443276,1561,1
2447000,1561,1
2450724,1561,1
2454432,1561,1
2458156,1561,1
2461880,1561,1
2465592,1561,1
2469316,1561,1
2473040,1560,1
2476752,1560,1
2480476,1560,1
2484184,1560,1
2487912,1560,1
2491636,1560,1
2495344,1560,1
2499068,1560,1
2502792,1560,1
2506504,1560,1
2510228,1560,1
2513952,1560,1
2517676,1560,1
2521400,1560,1
2525112,1560,1
2528836,1561,1
2532560,1561,1
2536272,1561,1
2539996,1561,1
2543720,1561,1
2547432,1561,1
2551156,1561,1
2554864,1561,1
2558588,1561,1
2562312,1561,1
2566024,1561,1
2569748,1561,1
2573472,1561,1
2577180,1561,1
2580904,1561,1
2584628,1561,1
2588352,1561,1
2592076,1561,1
2595784,1561,1
2599508,1561,1
2603232,1561,1
2606940,1561,1
2610664,1561,1
2614388,1561,1
2618096,1561,1
2621820,1561,1
2625528,1561,1
2629252,1561,1
2632976,1561,1
2636688,1561,1
2640412,1561,1
2644136,1561,1
2647848,1561,1
2651572,1561,1
2655296,1561,1
2659008,1561,1
2662732,1561,1
2666444,1561,1
2670172,1561,1
2673896,1561,1
2677604,1561,1
2681328,1561,1
2685052,1561,1
2688760,1561,1
2692484,1561,1
2696200,1561,1
2699924,1561,1
2703648,1561,1
2707356,1561,1
2711080,1561,1
2714804,1561,1
2718516,1561,1
2722240,1561,1
2725964,1560,1
2729672,1560,1
2733396,1560,1
2737104,1560,1
2740828,1561,1
2744552,1561,1
2748264,1561,1
2751988,1561,1
2755712,1561,1
2759424,1561,1
2763148,1561,1
2766864,1561,1
2770588,1561,1
2774312,1561,1
2778024,1561,1
2781748,1561,1
2785472,1560,1
2789184,1560,1
2792908,1560,1
2796632,1560,1
2800344,1559,1
2804068,1558,1
2807780,1556,1
2811504,1556,1
2815228,1557,1
2818940,1558,1
2822664,1559,1
2826388,1559,1
2830096,1560,1
2833820,1560,1
2837544,1560,1
2841272,1560,1
2844996,1560,1
2848704,1560,1
2852428,1561,1
2856152,1560,1
2859864,1560,1
2863588,1560,1
2867312,1561,1
2871020,1561,1
2874744,1561,1
2878456,1561,1
2882180,1561,1
2885904,1560,1
2889612,1560,1
2893340,1561,1
2897064,1561,1
2900772,1561,1
2904496,1561,1
2908220,1562,1
2911944,1561,1
2915668,1560,1
2919376,1560,1
2923100,1559,1
2926824,1559,1
2930532,1559,1
2934256,1559,1
2937980,1560,1
2941688,1560,1
2945412,1560,1
2949128,1559,1
2952852,1559,1
2956576,1559,1
2960284,1559,1
2964008,1560,1
2967732,1560,1
2971444,1560,1
2975168,1560,1
2978892,1560,1
2982604,1559,1
2986328,1559,1
2990040,1559,1
2993764,1559,1
2997488,1559,1
3001196,1559,1
3004920,1559,1
3008644,1559,1
3012352,1559,1
3016076,1559,1
3019792,1559,1
3023520,1559,1
3027244,1559,1
3030952,1559,1
3034676,1559,1
3038400,1559,1
3042112,1559,1
3045836,1559,1
3049560,1559,1
3053272,1559,1
3056996,1559,1
3060704,1559,1
3064428,1559,1
3068152,1559,1
3071864,1559,1
3075588,1559,1
3079312,1559,1
3083024,1559,1
3086748,1559,1
3090472,1560,1
3094196,1566,1
3097920,1574,1
3101628,1579,1
3105352,1581,1
3109076,1581,1
3112788,1581,1
3116512,1581,1
3120236,1581,1
3123948,1581,1
3127672,1581,1
3131384,1580,1
3135108,1580,1
3138832,1580,1
3142540,1580,1
3146264,1580,1
3149988,1580,1
3153700,1580,1
3157424,1580,1
3161148,1580,1
3164860,1580,1
3168584,1580,1
3172292,1580,1
3176016,1580,1
3179740,1580,1
3183452,1580,1
3187176,1580,1
3190900,1580,1
3194612,1580,1
3198336,1580,1
3202044,1580,1
3205768,1580,1
3209492,1581,1
3213204,1580,1
3216928,1580,1
3220652,1580,1
3224360,1580,1
3228084,1580,1
3231808,1580,1
3235516,1580,1
3239240,1580,1
3242952,1580,1
3246676,1580,1
3250400,1580,1
3254112,1580,1
3257836,1580,1
3261560,1580,1
3265272,1580,1
3268996,1580,1
3272712,1580,1
3276436,1580,1
3280160,1580,1
3283872,1580,1
3287596,1580,1
3291320,1580,1
3295032,1580,1
3298756,1580,1
3302480,1580,1
3306188,1580,1
3309912,1580,1
3313624,1580,1
3317348,1580,1
3321072,1580,1
3324784,1580,1
3328512,1580,1
3332236,1580,1
3335944,1580,1
3339668,1580,1
3343392,1580,1
3347116,1580,1
3350840,1580,1
3354548,1580,1
3358272,1580,1
3362000,1580,1
3365712,1580,1
3369436,1580,1
3373160,1580,1
3376868,1580,1
3380596,1580,1
3384308,1580,1
3388032,1580,1
3391756,1580,1
3395464,1580,1
3399188,1580,1
3402912,1581,1
3406624,1582,1
3410348,1583,1
3414072,1584,1
3417796,1584,1
3421520,1584,1
3425228,1584,1
3428952,1584,1
3432676,1584,1
3436388,1584,1
3440112,1584,1
3443836,1584,1
3447544,1584,1
3451268,1584,1
3454988,1584,1
3458712,1584,1
3462436,1584,1
3466148,1584,1
3469872,1584,1
3473596,1584,1
3477308,1584,1
3481032,1584,1
3484756,1584,1
3488468,1584,1
3492192,1584,1
3495900,1584,1
3499624,1584,1
3503348,1585,1
3507056,1586,1
3510780,1587,1
3514504,1589,1
3518216,1591,1
3521940,1594,1
3525664,1598,1
3529388,1603,1
3533112,1610,1
3536820,1617,1
3540544,1624,1
3544268,1631,1
3547976,1637,1
3551700,1641,1
3555424,1643,1
3559132,1644,1
3562856,1644,1
3566564,1645,1
3570288,1645,1
3574012,1645,1
3577724,1644,1
3581448,1644,1
3585172,1643,1
3588880,1641,1
3592604,1640,1
3596328,1638,1
3600052,1635,1
3603776,1632,1
3607484,1627,1
3611208,1623,1
3614932,1619,1
3618644,1617,1
3622368,1614,1
3626092,1613,1
3629804,1613,1
3633528,1615,1
3637240,1617,1
3640964,1618,1
3644688,1619,1
3648400,1619,1
3652124,1620,1
3655848,1620,1
3659556,1620,1
3663280,1620,1
3667004,1620,1
3670732,1620,1
3674456,1620,1
3678164,1620,1
3681888,1619,1
3685612,1619,1
3689320,1619,1
3693044,1619,1
3696768,1619,1
3700480,1619,1
3704204,1619,1
3707920,1620,1
3711644,1620,1
3715368,1620,1
3719080,1620,1
3722804,1620,1
3726528,1621,1
3730240,1621,1
3733964,1621,1
3737688,1621,1
3741396,1621,1
3745120,1621,1
3748832,1621,1
3752556,1621,1
3756280,1621,1
3759992,1621,1
3763716,1621,1
3767440,1621,1
3771152,1621,1
3774876,1621,1
3778600,1621,1
3782324,1621,1
3786048,1621,1
3789756,1621,1
3793480,1621,1
3797204,1621,1
3800912,1621,1
3804636,1621,1
3808360,1621,1
3812072,1621,1
3815796,1620,1
3819504,1620,1
3823228,1620,1
3826952,1620,1
3830664,1620,1
3834388,1620,1
3838112,1620,1
3841824,1620,1
3845548,1620,1
3849272,1619,1
3852996,1619,1
3856720,1619,1
3860432,1619,1
3864156,1619,1
3867880,1619,1
3871588,1619,1
3875312,1619,1
3879036,1619,1
3882748,1619,1
3886472,1619,1
3890188,1618,1
3893912,1618,1
3897636,1618,1
3901348,1618,1
3905072,1618,1
3908796,1618,1
3912504,1618,1
3916228,1617,1
3919956,1617,1
3923664,1617,1
3927388,1617,1
3931100,1616,1
3934824,1616,1
3938548,1616,1
3942260,1616,1
3945984,1615,1
3949708,1615,1
3953416,1614,1
3957140,1614,1
3960868,1614,1
3964592,1613,1
3968316,1613,1
3972024,1613,1
3975752,1613,1
3979476,1613,1
3983184,1613,1
3986908,1612,1
3990636,1612,1
3994348,1612,1
3998072,1612,1
4001784,1612,1
4005508,1612,1
4009232,1612,1
4012944,1611,1
4016668,1611,1
4020392,1611,1
4024100,1611,1
4027824,1611,1
4031548,1611,1
4035272,1611,1
4038996,1611,1
4042708,1611,1
4046432,1611,1
4050156,1611,1
4053868,1612,1
4057592,1612,1
4061316,1612,1
4065024,1612,1
4068748,1613,1
4072464,1612,1
4076188,1612,1
4079912,1613,1
4083624,1613,1
4087348,1612,1
4091072,1612,1
4094780,1612,1
4098508,1612,1
4102232,1612,1
4105944,1612,1
4109668,1612,1
4113380,1611,1
4117104,1611,1
4120832,1610,1
4124540,1610,1
4128264,1610,1
4131988,1610,1
4135700,1610,1
4139424,1610,1
4143148,1610,1
4146872,1610,1
4150596,1610,1
4154308,1610,1
4158032,1610,1
4161756,1610,1
4165468,1610,1
4169192,1610,1
4172916,1610,1
4176628,1610,1
4180352,1610,1
4184064,1610,1
4187788,1610,1
4191512,1610,1
4195220,1610,1
4198944,1610,1
4202668,1610,1
4206380,1610,1
4210104,1610,1
4213828,1610,1
4217536,1610,1
4221260,1610,1
4224968,1610,1
4228692,1611,1
4232416,1610,1
4236128,1610,1
4239852,1610,1
4243576,1610,1
4247288,1610,1
4251012,1610,1
4254728,1610,1
4258452,1610,1
4262176,1610,1
4265884,1609,1
4269608,1609,1
4273332,1609,1
4277040,1609,1
4280764,1608,1
4284488,1608,1
4288196,1608,1
4291920,1608,1
4295632,1608,1
4299356,1608,1
4303080,1607,1
4306788,1606,1
4310512,1605,1
4314236,1605,1
4317944,1604,1
4321668,1604,1
4325384,1603,1
4329108,1603,1
4332832,1602,1
4336544,1601,1
4340268,1599,1
4343992,1597,1
4347704,1596,1
4351428,1594,1
4355152,1592,1
4358860,1589,1
4362584,1586,1
4366296,1584,1
4370020,1582,1
4373744,1579,1
4377456,1577,1
4381184,1576,1
4384908,1574,1
4388616,1573,1
4392340,1571,1
4396064,1570,1
4399788,1568,1
4403516,1566,1
4407228,1564,1
4410952,1563,1
4414676,1562,1
4418384,1561,1
4422108,1559,1
4425832,1557,1
4429544,1555,1
4433268,1553,1
4436976,1550,1
4440700,1547,1
4444424,1544,1
4448136,1542,1
4451860,1539,1
4455584,1537,1
4459292,1534,1
4463016,1532,1
4466740,1530,1
4470464,1527,1
4474188,1525,1
4477900,1522,1
4481624,1520,1
4485348,1517,1
4489056,1514,1
4492780,1512,1
4496504,1510,1
4500212,1507,1
4503936,1505,1
4507648,1503,1
4511372,1501,1
4515100,1499,1
4518808,1498,1
4522532,1497,1
4526256,1495,1
4529968,1494,1
4533692,1492,1
4537416,1490,1
4541124,1489,1
4544848,1486,1
4548560,1484,1
4552284,1481,1
4556008,1481,1
4559720,1481,1
4563444,1481,1
4567172,1481,1
4570880,1481,1
4574604,1481,1
4578320,1481,1
4582044,1482,1
4585768,1481,1
4589480,1481,1
4593204,1481,1
4596928,1481,1
4600640,1481,1
4604364,1481,1
4608088,1481,1
4611800,1481,1
4615524,1481,1
4619236,1481,1
4622960,1480,1
4626684,1480,1
4630392,1479,1
4634116,1478,1
4637840,1478,1
4641552,1477,1
4645276,1477,1
4649000,1476,1
4652724,1476,1
4656448,1476,1
4660156,1475,1
4663880,1475,1
4667604,1475,1
4671312,1474,1
4675036,1474,1
4678760,1473,1
4682472,1473,1
4686196,1472,1
4689908,1472,1
4693632,1471,1
4697356,1471,1
4701064,1470,1
4704788,1470,1
4708512,1470,1
4712220,1470,1
4715944,1470,1
4719668,1471,1
4723392,1472,1
4727116,1473,1
4730828,1473,1
4734552,1474,1
4738280,1474,1
4741992,1474,1
4745716,1474,1
4749440,1474,1
4753148,1474,1
4756872,1474,1
4760588,1473,1
4764312,1473,1
4768036,1473,1
4771748,1473,1
4775472,1473,1
4779196,1472,1
4782908,1472,1
4786632,1471,1
4790356,1470,1
4794068,1469,1
4797792,1468,1
4801504,1467,1
4805228,1466,1
4808952,1465,1
4812660,1465,1
4816384,1464,1
4820108,1464,1
4823820,1463,1
4827544,1463,1
4831268,1463,1
4834992,1463,1
4838716,1464,1
4842428,1464,1
4846156,1464,1
4849880,1465,1
4853592,1465,1
4857316,1465,1
4861040,1465,1
4864752,1465,1
4868480,1465,1
4872200,1466,1
4875924,1466,1
4879648,1466,1
4883356,1466,1
4887080,1467,1
4890804,1467,1
4894516,1467,1
4898240,1468,1
4901964,1468,1
4905676,1468,1
4909400,1468,1
4913112,1468,1
4916836,1469,1
4920560,1469,1
4924268,1469,1
4927992,1469,1
4931716,1469,1
4935428,1469,1
4939152,1469,1
4942868,1469,1
4946592,1469,1
4950316,1469,1
4954028,1469,1
4957752,1469,1
4961476,1469,1
4965184,1469,1
4968908,1469,1
4972632,1469,1
4976344,1469,1
4980068,1469,1
4983780,1469,1
4987504,1469,1
4991228,1469,1
4994936,1469,1
4998660,1469,1
5002384,1469,1
5006096,1469,1
5009820,1469,1
5013544,1469,1
5017268,1469,1
5020992,1469,1
5024700,1469,1
5028424,1469,1
5032148,1469,1
5035856,1469,1
5039580,1469,1
5043304,1469,1
5047012,1469,1
5050736,1469,1
5054448,1469,1
5058172,1469,1
5061896,1469,1
5065608,1469,1
5069332,1469,1
5073056,1469,1
5076764,1469,1
5080488,1469,1
5084212,1469,1
5087936,1469,1
5091660,1469,1
5095368,1469,1
5099092,1469,1
5102816,1469,1
5106528,1469,1
5110252,1469,1
5113976,1469,1
5117688,1469,1
5121412,1469,1
5125128,1469,1
5128852,1469,1
5132576,1469,1
5136288,1469,1
5140012,1469,1
5143736,1469,1
5147448,1469,1
5151172,1469,1
5154896,1469,1
5158608,1469,1
5162332,1469,1
5166040,1469,1
5169764,1469,1
5173492,1469,1
5177200,1469,1
5180924,1469,1
5184652,1469,1
5188364,1469,1
5192088,1468,1
5195812,1468,1
5199536,1468,1
5203260,1468,1
5206972,1467,1
5210696,1467,1
5214420,1466,1
5218128,1465,1
5221852,1464,1
5225576,1463,1
5229288,1462,1
5233012,1462,1
5236720,1461,1
5240444,1461,1
5244168,1461,1
5247876,1461,1
5251600,1461,1
5255324,1461,1
5259036,1461,1
5262760,1461,1
5266484,1461,1
5270208,1461,1
5273932,1461,1
5277640,1461,1
5281364,1461,1
5285088,1461,1
5288800,1461,1
5292524,1461,1
5296248,1461,1
5299956,1461,1
5303680,1461,1
5307396,1461,1
5311120,1461,1
5314844,1461,1
5318556,1461,1
5322280,1461,1
5326004,1461,1
5329716,1461,1
5333440,1461,1
5337164,1461,1
5340872,1461,1
5344596,1461,1
5348308,1461,1
5352032,1461,1
5355756,1461,1
5359468,1461,1
5363192,1461,1
5366916,1461,1
5370628,1461,1
5374352,1461,1
5378076,1461,1
5381800,1461,1
5385524,1461,1
5389236,1461,1
5392960,1461,1
5396684,1461,1
5400392,1461,1
5404116,1461,1
5407840,1461,1
5411552,1461,1
5415276,1461,1
5418984,1461,1
5422708,1461,1
5426432,1461,1
5430144,1461,1
5433868,1461,1
5437592,1461,1
5441300,1461,1
5445024,1461,1
5448748,1461,1
5452472,1461,1
5456196,1461,1
5459908,1461,1
5463632,1461,1
5467356,1461,1
5471068,1462,1
5474792,1462,1
5478516,1463,1
5482228,1464,1
5485952,1465,1
5489660,1466,1
5493384,1467,1
5497108,1468,1
5500816,1469,1
5504540,1470,1
5508264,1471,1
5511976,1471,1
5515700,1472,1
5519424,1472,1
5523132,1472,1
5526856,1472,1
5530564,1472,1
5534288,1472,1
5538012,1472,1
5541720,1472,1
5545448,1473,1
5549172,1473,1
5552880,1473,1
5556604,1474,1
5560316,1474,1
5564040,1475,1
5567764,1475,1
5571476,1475,1
5575200,1476,1
5578924,1477,1
5582636,1478,1
5586360,1478,1
5590084,1479,1
5593796,1479,1
5597520,1480,1
5601232,1480,1
5604956,1481,1
5608680,1482,1
5612392,1482,1
5616116,1483,1
5619840,1483,1
5623552,1484,1
5627276,1484,1
5630992,1484,1
5634720,1485,1
5638444,1486,1
5642152,1487,1
5645876,1487,1
5649600,1488,1
5653312,1489,1
5657036,1489,1
5660760,1490,1
5664472,1490,1
5668196,1490,1
5671908,1491,1
5675632,1491,1
5679356,1492,1
5683064,1492,1
5686788,1492,1
5690512,1493,1
5694220,1494,1
5697944,1494,1
5701668,1495,1
5705392,1496,1
5709116,1497,1
5712828,1498,1
5716552,1499,1
5720276,1499,1
5723984,1501,1
5727708,1501,1
5731432,1502,1
5735144,1503,1
5738868,1504,1
5742576,1505,1
5746300,1505,1
5750024,1505,1
5753732,1506,1
5757456,1507,1
5761180,1507,1
5764892,1507,1
5768616,1508,1
5772340,1508,1
5776064,1508,1
5779788,1508,1
5783496,1508,1
5787220,1508,1
5790944,1508,1
5794652,1508,1
5798376,1508,1
5802100,1508,1
5805812,1508,1
5809536,1508,1
5813252,1508,1
5816976,1508,1
5820700,1508,1
5824412,1508,1
5828136,1508,1
5831860,1508,1
5835568,1508,1
5839292,1508,1
5843016,1508,1
5846728,1508,1
5850452,1507,1
5854164,1508,1
5857888,1508,1
5861612,1508,1
5865324,1508,1
5869048,1508,1
5872772,1508,1
5876480,1508,1
5880204,1508,1
5883920,1508,1
5887644,1508,1
5891368,1508,1
5895076,1508,1
5898800,1508,1
5902524,1508,1
5906236,1508,1
5909960,1508,1
5913684,1508,1
5917396,1509,1
5921120,1510,1
5924832,1512,1
5928560,1515,1
5932284,1519,1
5935996,1523,1
5939720,1528,1
5943444,1533,1
5947156,1539,1
5950880,1548,1
5954604,1555,1
5958328,1565,1
5962052,1574,1
5965764,1584,1
5969488,1595,1
5973212,1606,1
5976920,1617,1
5980644,1626,1
5984368,1636,1
5988080,1645,1
5991804,1653,1
5995512,1660,1
5999236,1666,1
6002960,1671,1
6006672,1675,1
6010396,1679,1
6014120,1683,1
6017832,1686,1
6021556,1689,1
6025280,1691,1
6028988,1693,1
6032712,1695,1
6036420,1696,1
6040144,1697,1
6043868,1698,1
6047580,1699,1
6051304,1701,1
6055028,1702,1
6058740,1703,1
6062464,1704,1
6066180,1706,1
6069904,1707,1
6073628,1709,1
6077336,1714,1
6081060,1718,1
6084784,1722,1
6088496,1726,1
6092220,1730,1
6095944,1734,1
6099652,1737,1
6103376,1739,1
6107088,1742,1
6110812,1746,1
6114536,1751,1
6118248,1759,1
6121972,1768,1
6125696,1774,1
6129408,1783,1
6133132,1793,1
6136852,1804,1
6140576,1815,1
6144300,1826,1
6148008,1838,1
6151732,1851,1
6155456,1863,1
6159168,1877,1
6162892,1890,1
6166616,1906,1
6170324,1927,1
6174048,1949,1
6177760,1969,1
6181484,1989,1
6185208,2015,1
6188916,2041,1
6192644,2066,1
6196368,2092,1
6200080,2119,1
6203804,2148,1
6207528,2177,1
6211252,2207,1
6214976,2247,1
6218684,2282,1
6222408,2313,1
6226132,2348,1
6229844,2382,1
6233568,2420,1
6237292,2459,1
6241000,2488,1
6244724,2526,1
6248436,2564,1
6252160,2607,1
6255884,2656,1
6259596,2704,1
6263320,2751,1
6267044,2804,1
6270756,2855,1
6274480,2900,1
6278204,2943,1
6281928,2990,1
6285652,3041,1
6289364,3097,1
6293088,3157,1
6296812,3221,1
6300524,3287,1
6304248,3364,1
6307972,3439,1
6311684,3520,1
6315408,3605,1
6319132,3699,1
6322856,3797,1
6326580,3894,1
6330292,3990,1
6334016,4095,1
6337740,109,1
6341448,209,1
6345164,324,1
6348884,427,1
6352600,530,1
6356316,630,1
6360024,731,1
6363740,823,1
6367456,918,1
6371164,1012,1
6374888,1108,1
6378612,1205,1
6382320,1308,1
6386044,1422,1
6389756,1536,1
6393480,1655,1
6397204,1772,1
6400916,1901,1
6404644,2027,1
6408368,2153,1
6412080,2272,1
6415804,2380,1
6419528,2480,1
6423240,2582,1
6426964,2669,1
6430672,2751,1
6434396,2830,1
6438120,2908,1
6441832,2979,1
6445556,3049,1
6449280,3118,1
6452988,3185,1
6456712,3251,1
6460428,3319,1
6464152,3389,1
6467876,3465,1
6471588,3539,1
6475312,3614,1
6479036,3691,1
6482748,3768,1
6486472,3849,1
6490196,3931,1
6493908,4016,1
6497632,4095,1
6501344,85,1
6505060,164,1
6508776,247,1
6512488,329,1
6516204,413,1
6519920,492,1
6523632,571,1
6527348,651,1
6531060,726,1
6534776,804,1
6538492,878,1
6542204,957,1
6545920,1031,1
6549644,1106,1
6553356,1182,1
6557080,1262,1
6560804,1343,1
6564528,1429,1
6568252,1517,1
6571960,1608,1
6575684,1705,1
6579408,1806,1
6583120,1901,1
6586844,2002,1
6590568,2106,1
6594280,2200,1
6598004,2294,1
6601716,2387,1
6605440,2481,1
6609164,2562,1
6612872,2642,1
6616596,2721,1
6620320,2800,1
6624028,2871,1
6627752,2950,1
6631476,3026,1
6635200,3107,1
6638924,3184,1
6642636,3259,1
6646360,3335,1
6650084,3420,1
6653796,3506,1
6657520,3596,1
6661244,3686,1
6664956,3782,1
6668680,3877,1
6672396,3979,1
6676120,4077,1
6679844,80,1
6683556,176,1
6687272,273,1
6690988,374,1
6694700,472,1
6698416,571,1
6702132,664,1
6705848,759,1
6709564,846,1
6713276,934,1
6716992,1019,1
6720716,1105,1
6724424,1188,1
6728148,1275,1
6731872,1365,1
6735580,1453,1
6739304,1550,1
6743016,1643,1
6746740,1742,1
6750464,1840,1
6754176,1939,1
6757900,2029,1
6761624,2122,1
6765332,2211,1
6769056,2293,1
6772784,2369,1
6776508,2445,1
6780232,2515,1
6783944,2581,1
6787668,2642,1
6791392,2705,1
6795100,2759,1
6798824,2809,1
6802548,2862,1
6806260,2918,1
6809984,2972,1
6813692,3020,1
6817416,3074,1
6821140,3131,1
6824852,3188,1
6828576,3240,1
6832300,3295,1
6836012,3351,1
6839736,3409,1
6843460,3466,1
6847168,3526,1
6850892,3587,1
6854604,3657,1
6858328,3728,1
6862052,3801,1
6865760,3875,1
6869484,3956,1
6873208,4040,1
6876920,26,1
6880636,113,1
6884348,202,1
6888064,293,1
6891780,382,1
6895488,474,1
6899204,562,1
6902920,655,1
6906628,748,1
6910348,835,1
6914064,923,1
6917780,1015,1
6921504,1111,1
6925212,1206,1
6928936,1307,1
6932660,1414,1
6936368,1533,1
6940092,1644,1
6943816,1768,1
6947528,1892,1
6951252,2025,1
6954960,2153,1
6958684,2272,1
6962408,2389,1
6966120,2505,1
6969844,2616,1
6973568,2712,1
6977280,2807,1
6981004,2897,1
6984720,2994,1
6988444,3081,1
6992168,3165,1
6995876,3245,1
6999604,3328,1
7003328,3410,1
7007036,3495,1
7010760,3579,1
7014484,3671,1
7018196,3761,1
7021924,3850,1
7025632,3933,1
7029356,4020,1
7033080,4095,1
7036792,90,1
7040508,177,1
7044224,257,1
7047932,340,1
7051648,420,1
7055356,502,1
7059076,577,1
7062792,650,1
7066500,719,1
7070216,788,1
7073932,858,1
7077644,924,1
7081360,994,1
7085076,1059,1
7088800,1125,1
7092524,1198,1
7096236,1271,1
7099960,1336,1
7103684,1407,1
7107392,1477,1
7111116,1548,1
7114840,1620,1
7118548,1693,1
7122272,1768,1
7125984,1845,1
7129712,1921,1
7133436,1988,1
7137144,2065,1
7140868,2144,1
7144592,2210,1
7148304,2271,1
7152028,2331,1
7155752,2391,1
7159476,2450,1
7163200,2506,1
7166908,2559,1
7170632,2609,1
7174356,2663,1
7178064,2713,1
7181788,2759,1
7185512,2807,1
7189224,2860,1
7192948,2911,1
7196656,2964,1
7200380,3017,1
7204104,3071,1
7207816,3125,1
7211540,3180,1
7215264,3237,1
7218972,3294,1
7222696,3360,1
7226420,3430,1
7230144,3506,1
7233868,3581,1
7237576,3665,1
7241300,3753,1
7245024,3847,1
7248732,3943,1
7252456,4047,1
7256180,56,1
7259900,167,1
7263620,277,1
7267336,394,1
7271052,503,1
7274768,613,1
7278480,719,1
7282196,822,1
7285912,928,1
7289620,1034,1
7293344,1149,1
7297068,1265,1
7300792,1389,1
7304516,1515,1
7308228,1650,1
7311952,1785,1
7315676,1925,1
7319388,2059,1
7323112,2189,1
7326836,2307,1
7330548,2425,1
7334272,2530,1
7337980,2634,1
7341704,2723,1
7345428,2802,1
7349136,2871,1
7352860,2937,1
7356584,3003,1
7360296,3073,1
7364020,3148,1
7367744,3215,1
7371452,3271,1
7375176,3327,1
7378888,3392,1
7382612,3458,1
7386336,3520,1
7390048,3573,1
7393772,3631,1
7397496,3691,1
7401208,3751,1
7404932,3804,1
7408648,3860,1
7412372,3912,1
7416100,3965,1
7419808,4018,1
7423532,4073,1
7427256,25,1
7430964,73,1
7434680,121,1
7438396,172,1
7442112,223,1
7445828,277,1
7449540,341,1
7453256,412,1
7456972,494,1
7460684,571,1
7464400,636,1
7468116,692,1
7471832,752,1
7475548,813,1
7479256,876,1
7482972,944,1
7486688,1015,1
7490400,1096,1
7494124,1181,1
7497848,1275,1
7501560,1373,1
7505284,1480,1
7509000,1599,1
7512724,1735,1
7516448,1879,1
7520156,2034,1
7523880,2189,1
7527604,2334,1
7531312,2468,1
7535036,2612,1
7538760,2742,1
7542468,2864,1
7546192,2988,1
7549904,3107,1
7553628,3227,1
7557352,3343,1
7561064,3471,1
7564788,3601,1
7568512,3736,1
7572220,3866,1
7575944,3995,1
7579660,23,1
7583376,156,1
7587092,281,1
7590804,404,1
7594520,515,1
7598236,621,1
7601944,724,1
7605660,816,1
7609376,907,1
7613092,993,1
7616808,1084,1
7620520,1176,1
7624244,1274,1
7627968,1365,1
7631676,1450,1
7635400,1532,1
7639124,1615,1
7642836,1701,1
7646560,1791,1
7650268,1878,1
7653992,1956,1
7657716,2039,1
7661428,2119,1
7665152,2198,1
7668876,2263,1
7672588,2322,1
7676312,2376,1
7680036,2427,1
7683760,2484,1
7687484,2545,1
7691196,2596,1
7694920,2644,1
7698644,2689,1
7702352,2734,1
7706076,2783,1
7709800,2835,1
7713508,2886,1
7717232,2940,1
7720940,2993,1
7724664,3048,1
7728388,3101,1
7732100,3157,1
7735824,3217,1
7739548,3278,1
7743256,3350,1
7746980,3433,1
7750704,3518,1
7754428,3593,1
7758152,3673,1
7761860,3759,1
7765584,3853,1
7769308,3946,1
7773020,4048,1
7776744,55,1
7780460,161,1
7784168,265,1
7787884,377,1
7791596,477,1
7795312,575,1
7799028,672,1
7802740,765,1
7806456,862,1
7810172,954,1
7813880,1047,1
7817604,1137,1
7821320,1234,1
7825044,1331,1
7828768,1430,1
7832480,1524,1
7836204,1625,1
7839928,1728,1
7843636,1838,1
7847360,1941,1
7851084,2050,1
7854796,2157,1
7858520,2250,1
7862228,2342,1
7865952,2428,1
7869676,2514,1
7873384,2592,1
7877108,2668,1
7880832,2735,1
7884544,2804,1
7888268,2871,1
7891984,2937,1
7895708,3000,1
7899432,3065,1
7903144,3124,1
7906868,3182,1
7910592,3233,1
7914304,3292,1
7918028,3351,1
7921752,3411,1
7925460,3468,1
7929184,3522,1
7932896,3578,1
7936620,3636,1
7940344,3694,1
7944056,3754,1
7947784,3816,1
7951508,3878,1
7955216,3941,1
7958940,4003,1
7962664,4072,1
7966388,46,1
7970104,116,1
7973816,183,1
7977532,257,1
7981248,333,1
7984956,413,1
7988676,491,1
7992392,571,1
7996108,655,1
7999824,735,1
8003536,817,1
8007252,897,1
8010968,984,1
8014676,1071,1
8018400,1161,1
8022124,1255,1
8025832,1358,1
8029556,1460,1
8033268,1568,1
8036992,1684,1
8040716,1797,1
8044424,1923,1
8048148,2049,1
8051872,2173,1
8055584,2284,1
8059308,2396,1
8063032,2505,1
8066756,2615,1
8070480,2710,1
8074192,2791,1
8077916,2872,1
8081644,2959,1
8085356,3040,1
8089080,3116,1
8092804,3188,1
8096512,3271,1
8100236,3348,1
8103952,3423,1
8107676,3501,1
8111400,3583,1
8115108,3665,1
8118832,3747,1
8122556,3828,1
8126264,3911,1
8129988,3989,1
8133712,4069,1
8137424,47,1
8141140,125,1
8144848,211,1
8148564,294,1
8152284,380,1
8155992,459,1
8159708,542,1
8163424,615,1
8167140,694,1
8170856,766,1
8174564,828,1
8178280,895,1
8181996,960,1
8185704,1027,1
8189428,1087,1
8193152,1151,1
8196860,1222,1
8200584,1294,1
8204300,1359,1
8208024,1426,1
8211748,1496,1
8215456,1566,1
8219180,1642,1
8222904,1731,1
8226616,1816,1
8230340,1900,1
8234064,1989,1
8237772,2083,1
8241496,2175,1
8245208,2255,1
8248932,2348,1
8252656,2437,1
8256368,2528,1
8260092,2609,1
8263816,2694,1
8267528,2777,1
8271252,2859,1
8274976,2940,1
8278700,3026,1
8282424,3109,1
8286132,3192,1
8289856,3274,1
8293580,3362,1
8297292,3453,1
8301016,3555,1
8304740,3653,1
8308452,3753,1
8312176,3852,1
8315884,3956,1
8319608,4065,1
8323332,75,1
8327044,178,1
8330764,279,1
8334484,383,1
8338196,482,1
8341912,580,1
8345628,667,1
8349344,757,1
8353060,843,1
8356768,927,1
8360484,1006,1
8364208,1087,1
8367916,1163,1
8371640,1244,1
8375364,1326,1
8379076,1401,1
8382800,1478,1
8386512,1556,1
8390236,1638,1
8393960,1719,1
8397668,1801,1
8401392,1882,1
8405116,1967,1
8408828,2043,1
8412552,2122,1
8416268,2193,1
8419992,2261,1
8423716,2328,1
8427424,2394,1
8431148,2457,1
8434872,2525,1
8438584,2590,1
8442308,2653,1
8446032,2712,1
8449740,2772,1
8453464,2839,1
8457176,2908,1
8460900,2982,1
8464624,3060,1
8468336,3140,1
8472060,3216,1
8475784,3295,1
8479496,3378,1
8483220,3473,1
8486944,3573,1
8490668,3683,1
8494392,3795,1
8498100,3919,1
8501824,4040,1
8505548,71,1
8509260,194,1
8512980,325,1
8516696,454,1
8520412,581,1
8524128,697,1
8527840,810,1
8531560,930,1
8535276,1048,1
8538984,1170,1
8542708,1292,1
8546432,1423,1
8550144,1549,1
8553868,1681,1
8557584,1816,1
8561308,1956,1
8565032,2089,1
8568740,2224,1
8572464,2344,1
8576188,2463,1
8579896,2572,1
8583620,2674,1
8587344,2769,1
8591056,2858,1
8594780,2948,1
8598488,3037,1
8602212,3130,1
8605936,3216,1
8609644,3302,1
8613368,3385,1
8617092,3474,1
8620804,3566,1
8624528,3668,1
8628252,3770,1
8631976,3886,1
8635700,4018,1
8639408,83,1
8643124,248,1
8646840,417,1
8650552,569,1
8654268,712,1
8657984,848,1
8661700,988,1
8665416,1141,1
8669128,1298,1
8672852,1462,1
8676576,1615,1
8680284,1791,1
8684008,1991,1
8687732,2204,1
8691440,2389,1
8695164,2560,1
8698876,2713,1
8702600,2860,1
8706324,3003,1
8710032,3146,1
8713756,3278,1
8717480,3416,1
8721188,3561,1
8724912,3705,1
8728636,3850,1
8732348,3993,1
8736072,45,1
8739784,188,1
8743500,337,1
8747216,480,1
8750924,618,1
8754644,744,1
8758360,868,1
8762076,986,1
8765792,1105,1
8769504,1234,1
8773228,1366,1
8776952,1500,1
8780664,1632,1
8784388,1778,1
8788112,1928,1
8791824,2082,1
8795548,2222,1
8799272,2361,1
8802996,2495,1
8806720,2623,1
8810428,2738,1
8814152,2846,1
8817876,2952,1
8821584,3062,1
8825308,3165,1
8829032,3267,1
8832740,3370,1
8836464,3488,1
8840176,3620,1
8843904,3790,1
8847628,3973,1
8851336,51,1
8855052,230,1
8858768,417,1
8862480,603,1
8866196,781,1
8869912,965,1
8873628,1143,1
8877352,1341,1
8881064,1551,1
8884788,1781,1
8888512,2025,1
8892224,2282,1
8895948,2509,1
8899672,2722,1
8903384,2904,1
8907108,3093,1
8910816,3278,1
8914540,3468,1
8918264,3688,1
8921972,3912,1
8925696,39,1
8929412,237,1
8933120,445,1
8936836,645,1
8940552,838,1
8944268,1009,1
8947992,1181,1
8951704,1353,1
8955428,1531,1
8959152,1694,1
8962860,1845,1
8966584,1981,1
8970308,2087,1
8974020,2167,1
8977744,2212,1
8981452,2227,1
8985176,2227,1
8988900,2227,1
8992612,2227,1
8996336,2227,1
9000060,2227,1
9003772,2227,1
9007496,2227,1
9011212,2227,1
9014936,2227,1
9018660,2227,1
9022372,2227,1
9026096,2227,1
9029820,2227,1
9033528,2227,1
9037252,2227,1
9040976,2227,1
9044688,2227,1
9048412,2227,1
9052120,2227,1
9055844,2227,1
9059568,2227,1
9063280,2230,1
9067004,2241,1
9070728,2262,1
9074440,2299,1
9078164,2362,1
9081888,2460,1
9085612,2569,1
9089340,2668,1
9093048,2744,1
9096772,2813,1
9100496,2886,1
9104204,2974,1
9107928,3067,1
9111652,3171,1
9115364,3273,1
9119088,3387,1
9122800,3516,1
9126524,3656,1
9130248,3793,1
9133960,3953,1
9137684,19,1
9141400,194,1
9145112,375,1
9148828,560,1
9152544,751,1
9156260,933,1
9159980,1134,1
9163692,1346,1
9167416,1581,1
9171140,1826,1
9174848,2112,1
9178572,2379,1
9182296,2620,1
9186004,2816,1
9189728,3006,1
9193436,3196,1
9197160,3385,1
9200884,3607,1
9204592,3845,1
9208320,4089,1
9212044,211,1
9215752,432,1
9219468,649,1
9223184,861,1
9226900,1050,1
9230624,1241,1
9234332,1433,1
9238056,1636,1
9241780,1831,1
9245492,2025,1
9249216,2193,1
9252940,2340,1
9256648,2453,1
9260372,2548,1
9264080,2630,1
9267804,2706,1
9271528,2771,1
9275240,2827,1
9278964,2882,1
9282688,2938,1
9286400,3004,1
9290124,3076,1
9293840,3154,1
9297564,3223,1
9301288,3294,1
9304996,3374,1
9308720,3476,1
9312444,3601,1
9316152,3753,1
9319876,3911,1
9323600,4065,1
9327312,105,1
9331032,240,1
9334744,380,1
9338460,517,1
9342176,642,1
9345884,749,1
9349600,854,1
9353316,952,1
9357032,1057,1
9360760,1160,1
9364468,1267,1
9368192,1366,1
9371916,1462,1
9375628,1559,1
9379352,1660,1
9383076,1763,1
9386788,1870,1
9390512,1977,1
9394236,2075,1
9397944,2169,1
9401668,2264,1
9405380,2358,1
9409104,2447,1
9412828,2541,1
9416540,2656,1
9420264,2775,1
9423992,2887,1
9427704,2994,1
9431428,3080,1
9435144,3161,1
9438872,3242,1
9442596,3337,1
9446304,3442,1
9450028,3562,1
9453752,3674,1
9457460,3793,1
9461184,3917,1
9464908,4052,1
9468620,88,1
9472336,232,1
9476044,389,1
9479760,546,1
9483476,707,1
9487188,868,1
9490904,1053,1
9494628,1260,1
9498336,1520,1
9502060,1806,1
9505772,2155,1
9509496,2503,1
9513220,2841,1
9516928,3147,1
9520652,3458,1
9524376,3778,1
9528084,28,1
9531800,362,1
9535516,671,1
9539232,978,1
9542948,1276,1
9546656,1607,1
9550380,1937,1
9554104,2256,1
9557812,2504,1
9561536,2701,1
9565264,2838,1
9568972,2941,1
9572696,3037,1
9576404,3126,1
9580128,3207,1
9583852,3266,1
9587560,3314,1
9591284,3353,1
9595008,3392,1
9598716,3432,1
9602440,3471,1
9606156,3510,1
9609880,3557,1
9613604,3607,1
9617312,3659,1
9621036,3707,1
9624760,3755,1
9628468,3798,1
9632192,3838,1
9635916,3872,1
9639624,3894,1
9643348,3906,1
9647060,3907,1
9650784,3908,1
9654508,3915,1
9658220,3927,1
9661944,3938,1
9665672,3941,1
9669380,3941,1
9673104,3941,1
9676828,3941,1
9680552,3941,1
9684276,3941,1
9687984,3941,1
9691708,3941,1
9695432,3941,1
9699144,3941,1
9702868,3941,1
9706592,3941,1
9710304,3941,1
9714028,3941,1
9717740,3941,1
9721464,3941,1
9725188,3941,1
9728900,3941,1
9732624,3941,1
9736348,3941,1
9740060,3941,1
9743784,3941,1
9747508,3941,1
9751232,3941,1
9754956,3941,1
9758664,3941,1
9762388,3941,1
9766112,3941,1
9769824,3940,1
9773548,3941,1
9777272,3940,1
9780984,3941,1
9784708,3940,1
9788424,3941,1
9792148,3941,1
9795872,3940,1
9799584,3941,1
9803312,3940,1
9807036,3941,1
9810744,3941,1
9814468,3941,1
9818192,3941,1
9821904,3940,1
9825628,3941,1
9829340,3940,1
9833064,3941,1
9836788,3940,1
9840496,3940,1
9844220,3940,1
9847944,3941,1
9851652,3940,1
9855380,3940,1
9859104,3941,1
9862828,3940,1
9866552,3941,1
9870260,3941,1
9873984,3940,1
9877708,3941,1
9881420,3941,1
9885144,3941,1
9888868,3940,1
9892576,3941,1
9896300,3940,1
9900012,3941,1
9903736,3940,1
9907460,3940,1
9911172,3941,1
9914896,3941,1
9918620,3943,1
9922332,3954,1
9926056,3975,1
9929784,4012,1
9933508,4055,1
9937232,4084,1
9940940,4095,1
9944664,4095,1
9948388,25,1
9952096,40,1
9955812,54,1
9959528,64,1
9963244,71,1
9966960,79,1
9970672,87,1
9974392,94,1
9978108,97,1
9981820,97,1
9985540,97,1
9989260,97,1
9992976,97,1
9996692,98,1
10000408,98,1
10004132,100,1
10007856,103,1
10011576,105,1
10015300,108,1
10019024,112,1
10022740,119,1
10026464,133,1
10030188,155,1
10033908,186,1
10037632,225,1
10041356,275,1
10045080,330,1
10048804,396,1
10052524,472,1
10056248,564,1
10059972,674,1
10063692,804,1
10067416,946,1
10071140,1118,1
10074860,1307,1
10078584,1537,1
10082308,1811,1
10086032,2136,1
10089756,2439,1
10093472,2723,1
10097196,2994,1
10100920,3281,1
10104640,3555,1
10108364,3868,1
10112088,80,1
10115812,384,1
10119536,667,1
10123256,939,1
10126980,1197,1
10130704,1478,1
10134420,1752,1
10138144,2021,1
10141868,2242,1
10145584,2422,1
10149308,2543,1
10153032,2615,1
10156752,2643,1
10160480,2644,1
10164200,2644,1
10167924,2644,1
10171648,2644,1
10175364,2644,1
10179088,2644,1
10182812,2644,1
10186528,2644,1
10190252,2644,1
10193976,2644,1
10197692,2644,1
10201416,2644,1
10205132,2644,1
10208856,2644,1
10212580,2644,1
10216300,2644,1
10220024,2644,1
10223748,2644,1
10227468,2644,1
10231192,2644,1
10234916,2644,1
10238632,2644,1
10242356,2644,1
10246076,2644,1
10249800,2644,1
10253524,2644,1
10257240,2644,1
10260964,2644,1
10264688,2644,1
10268404,2644,1
10272128,2644,1
10275852,2644,1
10279572,2644,1
10283296,2644,1
10287016,2644,1
10290740,2644,1
10294464,2644,1
10298180,2644,1
10301904,2644,1
10305628,2644,1
10309344,2644,1
10313068,2644,1
10316788,2644,1
10320512,2644,1
10324236,2644,1
10327956,2644,1
10331680,2644,1
10335404,2644,1
10339124,2644,1
10342848,2644,1
10346572,2644,1
10350292,2644,1
10354016,2644,1
10357736,2644,1
10361460,2644,1
10365184,2644,1
10368900,2644,1
10372624,2644,1
10376348,2644,1
10380064,2644,1
10383788,2644,1
10387512,2644,1
10391228,2644,1
10394952,2644,1
10398672,2644,1
10402396,2644,1
10406120,2644,1
10409836,2644,1
10413560,2645,1
10417284,2648,1
10421000,2660,1
10424724,2681,1
10428448,2715,1
10432168,2752,1
10435892,2780,1
10439612,2798,1
10443336,2819,1
10447060,2843,1
10450776,2859,1
10454500,2880,1
10458224,2913,1
10461944,2950,1
10465668,2991,1
10469392,3035,1
10473108,3082,1
10476832,3129,1
10480548,3187,1
10484272,3247,1
10487996,3317,1
10491716,3396,1
10495440,3492,1
10499164,3601,1
10502880,3725,1
10506604,3855,1
10510320,4008,1
10514044,60,1
10517768,218,1
10521488,395,1
10525216,580,1
10528940,751,1
10532656,929,1
10536380,1116,1
10540104,1310,1
10543824,1534,1
10547552,1779,1
10551272,2030,1
10554996,2293,1
10558720,2524,1
10562440,2744,1
10566164,2942,1
10569892,3144,1
10573608,3337,1
10577332,3560,1
10581056,3802,1
10584776,4055,1
10588500,195,1
10592216,451,1
10595940,698,1
10599664,930,1
10603380,1152,1
10607104,1395,1
10610828,1643,1
10614544,1917,1
10618268,2190,1
10621992,2452,1
10625708,2656,1
10629432,2828,1
10633148,2972,1
10636872,3122,1
10640596,3268,1
10644316,3425,1
10648040,3606,1
10651764,3832,1
10655480,4067,1
10659204,205,1
10662928,424,1
10666652,648,1
10670376,844,1
10674096,1029,1
10677820,1210,1
10681544,1412,1
10685260,1614,1
10688984,1834,1
10692708,2057,1
10696428,2282,1
10700152,2466,1
10703868,2623,1
10707592,2756,1
10711316,2879,1
10715032,2990,1
10718756,3106,1
10722480,3216,1
10726196,3322,1
10729920,3434,1
10733644,3577,1
10737360,3744,1
10741084,3922,1
10744800,4077,1
10748528,129,1
10752252,275,1
10755972,435,1
10759696,587,1
10763420,734,1
10767140,867,1
10770864,1003,1
10774592,1137,1
10778312,1275,1
10782036,1417,1
10785756,1571,1
10789480,1734,1
10793204,1917,1
10796920,2101,1
10800648,2281,1
10804372,2437,1
10808092,2591,1
10811816,2724,1
10815540,2856,1
10819260,2986,1
10822984,3126,1
10826704,3254,1
10830428,3388,1
10834152,3533,1
10837872,3698,1
10841596,3859,1
10845320,4026,1
10849036,95,1
10852760,267,1
10856484,442,1
10860208,618,1
10863932,783,1
10867652,947,1
10871376,1105,1
10875100,1280,1
10878816,1467,1
10882540,1663,1
10886264,1867,1
10889980,2088,1
10893704,2296,1
10897428,2496,1
10901144,2674,1
10904868,2838,1
10908584,2986,1
10912308,3146,1
10916032,3294,1
10919748,3448,1
10923472,3615,1
10927196,3798,1
10930912,3974,1
10934636,56,1
10938352,222,1
10942076,404,1
10945800,581,1
10949520,749,1
10953244,906,1
10956968,1075,1
10960688,1232,1
10964412,1401,1
10968136,1568,1
10971856,1750,1
10975580,1944,1
10979300,2146,1
10983024,2332,1
10986752,2489,1
10990472,2625,1
10994196,2758,1
10997924,2874,1
11001640,2989,1
11005364,3099,1
11009088,3213,1
11012808,3319,1
11016532,3440,1
11020248,3577,1
11023972,3732,1
11027696,3876,1
11031412,4011,1
11035136,42,1
11038860,178,1
11042580,317,1
11046308,473,1
11050032,608,1
11053756,734,1
11057480,858,1
11061200,978,1
11064924,1103,1
11068648,1225,1
11072368,1351,1
11076092,1475,1
11079816,1639,1
11083532,1806,1
11087256,1963,1
11090980,2121,1
11094700,2277,1
11098424,2409,1
11102144,2555,1
11105868,2689,1
11109592,2813,1
11113308,2928,1
11117032,3057,1
11120756,3179,1
11124476,3296,1
11128200,3422,1
11131924,3566,1
11135644,3716,1
11139368,3876,1
11143084,4036,1
11146808,109,1
11150532,278,1
11154252,470,1
11157976,653,1
11161700,828,1
11165416,1005,1
11169140,1197,1
11172856,1401,1
11176580,1631,1
11180308,1880,1
11184028,2158,1
11187752,2404,1
11191476,2638,1
11195192,2855,1
11198916,3069,1
11202640,3272,1
11206360,3489,1
11210084,3729,1
11213804,3985,1
11217528,130,1
11221252,381,1
11224972,632,1
11228696,874,1
11232420,1092,1
11236140,1327,1
11239864,1568,1
11243588,1834,1
11247304,2104,1
11251028,2371,1
11254748,2580,1
11258472,2748,1
11262196,2876,1
11265912,2991,1
11269636,3092,1
11273360,3187,1
11277080,3269,1
11280804,3354,1
11284528,3445,1
11288248,3554,1
11291976,3678,1
11295692,3823,1
11299416,3976,1
11303140,43,1
11306860,199,1
11310584,363,1
11314308,529,1
11318028,698,1
11321752,853,1
11325476,1005,1
11329196,1150,1
11332920,1302,1
11336636,1455,1
11340360,1621,1
11344084,1787,1
11347800,1960,1
11351528,2128,1
11355252,2293,1
11358972,2427,1
11362696,2555,1
11366420,2674,1
11370140,2801,1
11373868,2920,1
11377584,3037,1
11381308,3144,1
11385032,3250,1
11388752,3357,1
11392476,3480,1
11396200,3609,1
11399920,3744,1
11403644,3877,1
11407368,4024,1
11411092,68,1
11414816,212,1
11418536,373,1
11422260,538,1
11425984,693,1
11429700,853,1
11433424,1009,1
11437148,1179,1
11440868,1370,1
11444592,1586,1
11448308,1819,1
11452032,2094,1
11455756,2373,1
11459472,2640,1
11463196,2885,1
11466920,3143,1
11470640,3417,1
11474364,3746,1
11478088,4095,1
11481808,377,1
11485532,742,1
11489252,1107,1
11492976,1486,1
11496700,1941,1
11500420,2386,1
11504144,2759,1
11507868,3043,1
11511584,3301,1
11515308,3543,1
11519032,3812,1
11522748,4059,1
11526472,173,1
11530192,330,1
11533916,455,1
11537640,540,1
11541360,590,1
11545084,610,1
11548808,613,1
11552528,613,1
11556256,613,1
11559980,613,1
11563704,617,1
11567428,629,1
11571144,638,1
11574868,639,1
11578592,639,1
11582308,639,1
11586032,639,1
11589756,639,1
11593472,639,1
11597196,639,1
11600920,639,1
11604644,639,1
11608368,639,1
11612088,639,1
11615812,639,1
11619540,639,1
11623256,639,1
11626980,639,1
11630704,639,1
11634424,639,1
11638148,639,1
11641872,639,1
11645596,639,1
11649320,639,1
11653036,639,1
11656760,639,1
11660484,641,1
11664204,648,1
11667928,656,1
11671652,656,1
11675368,656,1
11679092,656,1
11682812,656,1
11686536,656,1
11690260,656,1
11693980,656,1
11697704,656,1
11701428,656,1
11705148,656,1
11708872,656,1
11712596,656,1
11716316,656,1
11720040,656,1
11723756,656,1
11727480,656,1
11731204,656,1
11734920,656,1
11738644,656,1
11742368,656,1
11746084,656,1
11749808,656,1
11753532,656,1
11757248,656,1
11760972,656,1
11764688,656,1
11768412,656,1
11772136,656,1
11775856,656,1
11779580,656,1
11783304,656,1
11787024,656,1
11790748,656,1
11794472,656,1
11798196,656,1
11801920,656,1
11805636,656,1
11809360,656,1
11813084,656,1
11816804,656,1
11820528,656,1
11824252,656,1
11827968,656,1
11831692,656,1
11835416,656,1
11839140,656,1
11842864,656,1
11846580,656,1
11850304,656,1
11854028,656,1
11857748,656,1
11861472,656,1
11865196,656,1
11868912,656,1
11872636,656,1
11876360,656,1
11880084,656,1
11883808,656,1
11887524,656,1
11891248,656,1
11894972,656,1
11898692,656,1
11902416,656,1
11906140,656,1
11909856,656,1
11913580,656,1
11917296,656,1
11921020,656,1
11924744,656,1
11928464,656,1
11932188,660,1
11935912,672,1
11939628,692,1
11943352,719,1
11947076,745,1
11950792,764,1
11954516,779,1
11958236,796,1
11961960,814,1
11965684,833,1
11969400,852,1
11973128,872,1
11976852,894,1
11980572,914,1
11984296,937,1
11988020,964,1
11991748,992,1
11995472,1018,1
11999188,1048,1
12002912,1078,1
12006636,1113,1
12010356,1152,1
12014080,1199,1
12017804,1246,1
12021524,1294,1
12025248,1345,1
12028972,1406,1
12032692,1468,1
12036416,1534,1
12040136,1603,1
12043860,1689,1
12047584,1777,1
12051304,1872,1
12055028,1975,1
12058752,2088,1
12062472,2192,1
12066196,2297,1
12069920,2410,1
12073640,2531,1
12077364,2635,1
12081080,2746,1
12084804,2854,1
12088528,2966,1
12092244,3072,1
12095968,3186,1
12099692,3299,1
12103408,3422,1
12107132,3564,1
12110856,3721,1
12114584,3877,1
12118308,4050,1
12122028,118,1
12125752,284,1
12129480,457,1
12133196,634,1
12136920,790,1
12140644,948,1
12144364,1099,1
12148088,1263,1
12151804,1434,1
12155528,1612,1
12159252,1793,1
12162972,1985,1
12166696,2166,1
12170420,2341,1
12174140,2484,1
12177864,2611,1
12181588,2713,1
12185304,2806,1
12189028,2893,1
12192744,2987,1
12196468,3086,1
12200192,3196,1
12203912,3307,1
12207636,3428,1
12211360,3551,1
12215076,3688,1
12218800,3825,1
12222524,3970,1
12226240,14,1
12229964,155,1
12233684,294,1
12237408,443,1
12241132,581,1
12244848,715,1
12248576,843,1
12252300,977,1
12256016,1108,1
12259740,1254,1
12263464,1406,1
12267184,1564,1
12270908,1722,1
12274628,1902,1
12278352,2081,1
12282076,2259,1
12285796,2418,1
12289520,2585,1
12293244,2735,1
12296960,2879,1
12300684,3012,1
12304408,3150,1
12308124,3273,1
12311848,3402,1
12315568,3547,1
12319292,3717,1
12323016,3888,1
12326732,4059,1
12330456,115,1
12334180,277,1
12337896,453,1
12341624,633,1
12345340,795,1
12349064,960,1
12352788,1125,1
12356504,1314,1
12360228,1512,1
12363952,1721,1
12367672,1949,1
12371396,2191,1
12375120,2415,1
12378836,2633,1
12382560,2818,1
12386280,3004,1
12390008,3198,1
12393732,3397,1
12397452,3601,1
12401176,3833,1
12404900,4066,1
12408616,205,1
12412340,441,1
12416064,678,1
12419784,890,1
12423508,1111,1
12427224,1344,1
12430948,1600,1
12434672,1853,1
12438392,2126,1
12442120,2387,1
12445844,2632,1
12449564,2834,1
12453288,3013,1
12457012,3184,1
12460732,3360,1
12464456,3546,1
12468172,3774,1
12471896,4007,1
12475620,134,1
12479340,338,1
12483064,555,1
12486788,759,1
12490504,956,1
12494228,1138,1
12497952,1332,1
12501672,1522,1
12505396,1719,1
12509112,1923,1
12512836,2144,1
12516560,2340,1
12520276,2518,1
12524000,2665,1
12527724,2800,1
12531444,2932,1
12535168,3078,1
12538892,3213,1
12542612,3347,1
12546336,3485,1
12550052,3641,1
12553776,3812,1
12557500,3987,1
12561216,30,1
12564940,185,1
12568664,358,1
12572380,553,1
12576104,757,1
12579820,962,1
12583544,1119,1
12587268,1254,1
12590984,1397,1
12594708,1574,1
12598432,1763,1
12602152,1961,1
12605876,2148,1
12609600,2328,1
12613320,2492,1
12617044,2647,1
12620764,2787,1
12624488,2938,1
12628212,3090,1
12631932,3241,1
12635656,3385,1
12639380,3555,1
12643100,3747,1
12646824,3965,1
12650548,97,1
12654272,352,1
12657996,610,1
12661712,864,1
12665436,1110,1
12669160,1390,1
12672876,1692,1
12676600,2046,1
12680324,2410,1
12684044,2744,1
12687768,3036,1
12691492,3344,1
12695212,3674,1
12698936,4055,1
12702656,311,1
12706380,667,1
12710104,979,1
12713824,1302,1
12717548,1650,1
12721272,2023,1
12724992,2346,1
12728716,2602,1
12732440,2776,1
12736160,2896,1
12739884,2969,1
12743604,3005,1
12747328,3011,1
12751056,3011,1
12754776,3011,1
12758500,3011,1
12762224,3011,1
12765944,3011,1
12769668,3011,1
12773392,3011,1
12777108,3011,1
12780832,3012,1
12784552,3012,1
12788276,3012,1
12792000,3011,1
12795716,3011,1
12799440,3012,1
12803164,3011,1
12806884,3012,1
12810608,3012,1
12814324,3011,1
12818048,3012,1
12821772,3012,1
12825488,3011,1
12829212,3012,1
12832936,3012,1
12836652,3012,1
12840376,3012,1
12844100,3011,1
12847816,3011,1
12851540,3012,1
12855256,3011,1
12858980,3011,1
12862704,3011,1
12866424,3012,1
12870148,3012,1
12873872,3012,1
12877588,3011,1
12881312,3012,1
12885036,3011,1
12888756,3012,1
12892480,3012,1
12896200,3012,1
12899924,3012,1
12903648,3012,1
12907368,3012,1
12911092,3012,1
12914816,3012,1
12918536,3012,1
12922260,3012,1
12925984,3012,1
12929704,3012,1
12933428,3012,1
12937148,3012,1
12940872,3012,1
12944596,3012,1
12948316,3012,1
12952040,3012,1
12955764,3015,1
12959484,3022,1
12963208,3025,1
12966932,3025,1
12970652,3025,1
12974376,3025,1
12978096,3025,1
12981820,3025,1
12985544,3025,1
12989264,3025,1
12992988,3025,1
12996712,3025,1
13000432,3025,1
13004156,3026,1
13007880,3030,1
13011596,3031,1
13015324,3031,1
13019044,3031,1
13022768,3031,1
13026492,3031,1
13030208,3031,1
13033932,3031,1
13037660,3031,1
13041376,3031,1
13045100,3031,1
13048816,3031,1
13052540,3031,1
13056268,3031,1
13059984,3031,1
13063708,3031,1
13067432,3031,1
13071152,3031,1
13074876,3031,1
13078600,3031,1
13082320,3031,1
13086044,3031,1
13089764,3031,1
13093488,3031,1
13097212,3031,1
13100928,3031,1
13104652,3031,1
13108376,3031,1
13112092,3031,1
13115816,3031,1
13119540,3031,1
13123260,3031,1
13126984,3031,1
13130704,3031,1
13134428,3031,1
13138152,3031,1
13141872,3031,1
13145596,3031,1
13149320,3031,1
13153036,3031,1
13156760,3031,1
13160484,3036,1
13164204,3047,1
13167928,3065,1
13171644,3080,1
13175368,3092,1
13179092,3105,1
13182808,3128,1
13186532,3155,1
13190260,3181,1
13193976,3212,1
13197700,3255,1
13201428,3306,1
13205144,3374,1
13208868,3451,1
13212584,3537,1
13216308,3631,1
13220032,3729,1
13223752,3831,1
13227476,3945,1
13231200,4062,1
13234920,95,1
13238644,233,1
13242360,385,1
13246084,528,1
13249808,683,1
13253528,831,1
13257252,983,1
13260976,1132,1
13264692,1301,1
13268416,1479,1
13272140,1668,1
13275856,1868,1
13279580,2075,1
13283296,2267,1
13287020,2446,1
13290744,2605,1
13294464,2742,1
13298188,2867,1
13301912,3003,1
13305628,3144,1
13309352,3301,1
13313076,3460,1
13316796,3635,1
13320520,3810,1
13324236,3983,1
13327960,48,1
13331684,211,1
13335400,368,1
13339124,527,1
13342848,676,1
13346564,823,1
13350288,959,1
13354012,1100,1
13357728,1244,1
13361452,1399,1
13365172,1545,1
13368900,1693,1
13372624,1848,1
13376344,2024,1
13380068,2191,1
13383792,2337,1
13387512,2469,1
13391236,2613,1
13394960,2743,1
13398680,2863,1
13402404,2979,1
13406124,3102,1
13409848,3213,1
13413572,3322,1
13417288,3434,1
13421012,3562,1
13424736,3693,1
13428452,3829,1
13432176,3965,1
13435896,12,1
13439620,135,1
13443344,268,1
13447060,420,1
13450784,567,1
13454508,693,1
13458224,822,1
13461952,949,1
13465676,1081,1
13469392,1209,1
13473116,1342,1
13476832,1478,1
13480556,1650,1
13484280,1823,1
13488000,1992,1
13491724,2161,1
13495448,2320,1
13499164,2466,1
13502888,2614,1
13506612,2745,1
13510328,2871,1
13514052,2995,1
13517772,3125,1
13521496,3244,1
13525220,3370,1
13528936,3502,1
13532660,3648,1
13536384,3794,1
13540104,3950,1
13543828,4095,1
13547552,166,1
13551276,324,1
13555000,492,1
13558720,650,1
13562448,804,1
13566172,955,1
13569888,1117,1
13573612,1276,1
13577336,1459,1
13581052,1646,1
13584776,1851,1
13588500,2060,1
13592216,2267,1
13595944,2462,1
13599664,2639,1
13603388,2791,1
13607112,2959,1
13610832,3127,1
13614556,3294,1
13618280,3459,1
13621996,3650,1
13625720,3849,1
13629436,4058,1
13633160,159,1
13636884,368,1
13640600,571,1
13644324,774,1
13648048,963,1
13651764,1166,1
13655488,1378,1
13659212,1614,1
13662928,1853,1
13666652,2119,1
13670368,2358,1
13674092,2587,1
13677816,2784,1
13681536,2976,1
13685260,3164,1
13688984,3354,1
13692704,3547,1
13696428,3767,1
13700152,3988,1
13703872,113,1
13707596,326,1
13711316,550,1
13715040,754,1
13718764,948,1
13722480,1142,1
13726204,1347,1
13729932,1570,1
13733652,1809,1
13737376,2046,1
13741100,2290,1
13744820,2491,1
13748548,2673,1
13752264,2832,1
13755988,2994,1
13759712,3154,1
13763428,3325,1
13767152,3507,1
13770876,3712,1
13774592,3912,1
13778316,11,1
13782040,195,1
13785764,386,1
13789488,569,1
13793208,752,1
13796932,926,1
13800656,1099,1
13804376,1263,1
13808100,1447,1
13811824,1631,1
13815544,1827,1
13819268,2028,1
13822992,2230,1
13826708,2398,1
13830432,2562,1
13834148,2715,1
13837872,2863,1
13841596,3001,1
13845312,3145,1
13849036,3283,1
13852760,3426,1
13856480,3568,1
13860204,3725,1
13863924,3880,1
13867648,4045,1
13871372,110,1
13875088,283,1
13878812,458,1
13882536,639,1
13886256,813,1
13889980,1001,1
13893704,1191,1
13897424,1402,1
13901148,1641,1
13904868,1887,1
13908592,2123,1
13912316,2372,1
13916032,2600,1
13919756,2812,1
13923480,3011,1
13927200,3222,1
13930924,3430,1
13934648,3667,1
13938368,3919,1
13942092,82,1
13945808,321,1
13949532,566,1
13953256,788,1
13956976,1001,1
13960700,1209,1
13964428,1432,1
13968144,1667,1
13971868,1916,1
13975592,2143,1
13979308,2347,1
13983036,2488,1
13986756,2585,1
13990480,2640,1
13994204,2668,1
13997924,2673,1
14001648,2673,1
14005372,2674,1
14009092,2674,1
14012816,2674,1
14016540,2673,1
14020256,2674,1
14023980,2674,1
14027696,2674,1
14031420,2674,1
14035144,2674,1
14038864,2674,1
14042588,2674,1
14046312,2674,1
14050032,2674,1
14053756,2674,1
14057484,2674,1
14061200,2674,1
14064924,2674,1
14068640,2674,1
14072364,2674,1
14076088,2674,1
14079804,2674,1
14083528,2674,1
14087252,2674,1
14090972,2674,1
14094696,2674,1
14098416,2674,1
14102140,2674,1
14105864,2674,1
14109584,2674,1
14113308,2675,1
14117032,2677,1
14120752,2677,1
14124476,2678,1
14128200,2678,1
14131920,2680,1
14135644,2684,1
14139364,2691,1
14143088,2701,1
14146812,2717,1
14150528,2743,1
14154252,2783,1
14157976,2840,1
14161692,2910,1
14165416,2993,1
14169140,3075,1
14172856,3146,1
14176580,3208,1
14180296,3276,1
14184020,3351,1
14187744,3437,1
14191464,3527,1
14195188,3629,1
14198912,3732,1
14202628,3846,1
14206352,3967,1
14210076,4094,1
14213792,118,1
14217520,251,1
14221236,390,1
14224960,532,1
14228684,676,1
14232404,820,1
14236128,961,1
14239852,1109,1
14243572,1257,1
14247296,1423,1
14251020,1613,1
14254736,1811,1
14258460,2006,1
14262176,2214,1
14265900,2393,1
14269628,2565,1
14273348,2725,1
14277072,2884,1
14280796,3035,1
14284516,3198,1
14288240,3354,1
14291960,3521,1
14295684,3694,1
14299408,3880,1
14303128,4062,1
14306852,162,1
14310576,353,1
14314292,542,1
14318016,722,1
14321740,900,1
14325460,1066,1
14329184,1248,1
14332904,1438,1
14336628,1663,1
14340352,1881,1
14344068,2108,1
14347792,2321,1
14351516,2510,1
14355232,2685,1
14358956,2856,1
14362680,3013,1
14366400,3185,1
14370124,3355,1
14373840,3536,1
14377564,3722,1
14381288,3921,1
14385004,14,1
14388728,201,1
14392452,390,1
14396168,577,1
14399892,750,1
14403616,923,1
14407340,1086,1
14411064,1262,1
14414784,1450,1
14418512,1653,1
14422240,1850,1
14425956,2060,1
14429680,2269,1
14433404,2461,1
14437124,2631,1
14440848,2794,1
14444572,2942,1
14448288,3099,1
14452012,3252,1
14455728,3409,1
14459452,3574,1
14463176,3758,1
14466892,3939,1
14470616,31,1
14474344,210,1
14478064,395,1
14481788,573,1
14485512,747,1
14489236,916,1
14492960,1093,1
14496680,1263,1
14500404,1439,1
14504128,1637,1
14507844,1867,1
14511568,2082,1
14515292,2291,1
14519012,2467,1
14522736,2622,1
14526452,2763,1
14530176,2901,1
14533900,3033,1
14537620,3174,1
14541344,3314,1
14545068,3473,1
14548784,3642,1
14552508,3820,1
14556232,3985,1
14559952,60,1
14563676,227,1
14567396,401,1
14571120,565,1
14574844,726,1
14578564,878,1
14582288,1043,1
14586012,1206,1
14589728,1395,1
14593452,1589,1
14597176,1792,1
14600892,2012,1
14604616,2239,1
14608332,2439,1
14612056,2632,1
14615780,2795,1
14619496,2959,1
14623220,3124,1
14626944,3295,1
14630664,3458,1
14634388,3647,1
14638112,3838,1
14641828,4037,1
14645552,133,1
14649272,327,1
14652996,516,1
14656720,702,1
14660440,870,1
14664164,1041,1
14667888,1214,1
14671604,1408,1
14675328,1600,1
14679052,1794,1
14682772,1988,1
14686496,2185,1
14690216,2367,1
14693940,2534,1
14697664,2677,1
14701384,2812,1
14705108,2929,1
14708832,3044,1
14712552,3157,1
14716276,3276,1
14719996,3394,1
14723720,3530,1
14727444,3670,1
14731160,3809,1
14734884,3941,1
14738608,4079,1
14742328,110,1
14746052,238,1
14749776,376,1
14753492,514,1
14757216,638,1
14760936,761,1
14764664,881,1
14768388,1006,1
14772108,1130,1
14775832,1265,1
14779556,1412,1
14783276,1569,1
14787000,1719,1
14790724,1896,1
14794444,2082,1
14798168,2268,1
14801884,2425,1
14805608,2594,1
14809332,2742,1
14813052,2886,1
14816776,3031,1
14820500,3185,1
14824220,3329,1
14827944,3489,1
14831668,3662,1
14835388,3837,1
14839112,4024,1
14842828,125,1
14846552,315,1
14850276,512,1
14853992,699,1
14857716,882,1
14861440,1063,1
14865160,1252,1
14868884,1453,1
14872612,1678,1
14876328,1901,1
14880052,2145,1
14883772,2361,1
14887496,2555,1
14891224,2737,1
14894940,2907,1
14898664,3085,1
14902388,3275,1
14906108,3453,1
14909832,3650,1
14913556,3858,1
14917272,4056,1
14920996,163,1
14924712,356,1
14928436,560,1
14932160,755,1
14935876,926,1
14939600,1100,1
14943324,1277,1
14947040,1475,1
14950764,1691,1
14954480,1919,1
14958204,2138,1
14961928,2352,1
14965644,2555,1
14969368,2740,1
14973092,2898,1
14976812,3064,1
14980536,3230,1
14984264,3397,1
14987980,3559,1
14991704,3748,1
14995424,3939,1
14999148,34,1
15002872,214,1
15006592,407,1
15010316,589,1
15014040,763,1
15017760,926,1
15021484,1097,1
15025208,1272,1
15028928,1466,1
15032652,1654,1
15036368,1862,1
15040092,2079,1
15043816,2284,1
15047532,2457,1
15051256,2626,1
15054980,2784,1
15058696,2938,1
15062420,3088,1
15066144,3239,1
15069864,3377,1
15073588,3532,1
15077308,3691,1
15081032,3858,1
15084756,4025,1
15088472,98,1
15092196,253,1
15095920,417,1
15099640,576,1
15103364,726,1
15107088,868,1
15110812,1016,1
15114536,1160,1
15118256,1318,1
15121980,1482,1
15125704,1649,1
15129424,1822,1
15133148,2022,1
15136872,2212,1
15140588,2378,1
15144312,2534,1
15148036,2691,1
15151760,2836,1
15155484,2996,1
15159204,3167,1
15162928,3330,1
15166652,3514,1
15170372,3721,1
15174096,3952,1
15177820,91,1
15181544,332,1
15185268,558,1
15188984,776,1
15192708,982,1
15196432,1211,1
15200148,1457,1
15203872,1720,1
15207596,1995,1
15211312,2258,1
15215036,2472,1
15218760,2655,1
15222480,2799,1
15226204,2923,1
15229920,3032,1
15233644,3131,1
15237368,3219,1
15241088,3286,1
15244812,3341,1
15248536,3388,1
15252252,3426,1
15255976,3457,1
15259700,3481,1
15263416,3502,1
15267140,3523,1
15270856,3544,1
15274580,3569,1
15278304,3600,1
15282024,3645,1
15285748,3706,1
15289472,3782,1
15293188,3865,1
15296912,3961,1
15300636,4061,1
15304352,67,1
15308076,158,1
15311796,243,1
15315520,322,1
15319244,397,1
15322960,463,1
15326684,521,1
15330408,566,1
15334124,602,1
15337848,627,1
15341572,644,1
15345300,653,1
15349024,659,1
15352740,661,1
15356464,661,1
15360192,663,1
15363912,666,1
15367636,671,1
15371360,679,1
15375076,690,1
15378800,707,1
15382520,732,1
15386244,763,1
15389972,801,1
15393688,845,1
15397412,902,1
15401136,969,1
15404856,1052,1
15408580,1145,1
15412304,1253,1
15416024,1357,1
15419748,1453,1
15423468,1543,1
15427192,1638,1
15430916,1736,1
15434636,1839,1
15438360,1940,1
15442084,2044,1
15445804,2143,1
15449528,2239,1
15453256,2330,1
15456976,2419,1
15460700,2501,1
15464420,2585,1
15468144,2663,1
15471868,2744,1
15475588,2821,1
15479312,2901,1
15483036,2979,1
15486752,3061,1
15490476,3141,1
15494200,3222,1
15497916,3304,1
15501640,3395,1
15505360,3490,1
15509084,3594,1
15512808,3700,1
15516528,3813,1
15520252,3932,1
15523976,4063,1
15527692,97,1
15531416,234,1
15535140,372,1
15538864,513,1
15542588,647,1
15546308,787,1
15550032,925,1
15553756,1073,1
15557476,1224,1
15561200,1391,1
15564924,1570,1
15568640,1766,1
15572364,1962,1
15576088,2169,1
15579804,2359,1
15583528,2540,1
15587248,2702,1
15590972,2860,1
15594696,3020,1
15598412,3188,1
15602136,3343,1
15605860,3508,1
15609576,3679,1
15613300,3866,1
15617020,4048,1
15620744,146,1
15624468,332,1
15628188,522,1
15631912,695,1
15635636,864,1
15639352,1025,1
15643076,1202,1
15646800,1379,1
15650516,1573,1
15654240,1769,1
15657960,1981,1
15661684,2182,1
15665408,2377,1
15669128,2546,1
15672852,2701,1
15676576,2833,1
15680292,2974,1
15684016,3122,1
15687744,3283,1
15691460,3435,1
15695184,3595,1
15698900,3751,1
15702624,3917,1
15706348,4085,1
15710068,155,1
15713792,311,1
15717516,478,1
15721236,637,1
15724960,789,1
15728684,928,1
15732412,1071,1
15736136,1215,1
15739856,1367,1
15743580,1523,1
15747304,1685,1
15751020,1845,1
15754744,2022,1
15758468,2188,1
15762184,2345,1
15765908,2473,1
15769632,2596,1
15773352,2711,1
15777076,2823,1
15780796,2937,1
15784520,3069,1
15788244,3195,1
15791960,3317,1
15795684,3434,1
15799408,3564,1
15803124,3695,1
15806848,3836,1
15810572,3977,1
15814292,31,1
15818016,179,1
15821736,333,1
15825460,482,1
15829184,630,1
15832904,771,1
15836628,921,1
15840352,1070,1
15844068,1231,1
15847792,1399,1
15851512,1586,1
15855236,1776,1
15858960,1984,1
15862680,2187,1
15866404,2384,1
15870128,2553,1
15873848,2719,1
15877572,2872,1
15881296,3033,1
15885016,3191,1
15888740,3350,1
15892460,3506,1
15896184,3679,1
15899908,3854,1
15903628,4038,1
15907352,117,1
15911076,291,1
15914796,463,1
15918520,633,1
15922244,785,1
15925964,937,1
15929688,1088,1
15933408,1249,1
15937132,1410,1
15940856,1582,1
15944576,1748,1
15948300,1917,1
15952024,2075,1
15955740,2227,1
15959464,2358,1
15963188,2473,1
15966904,2566,1
15970628,2648,1
15974348,2721,1
15978072,2792,1
15981796,2864,1
15985512,2946,1
15989236,3036,1
15992960,3140,1
15996676,3241,1
16000404,3339,1
16004128,3442,1
16007848,3559,1
16011572,3671,1
16015288,3781,1
16019012,3895,1
16022736,4017,1
16026456,39,1
16030180,150,1
16033908,257,1
16037628,381,1
16041352,495,1
16045076,603,1
16048800,703,1
16052524,814,1
16056244,922,1
16059968,1028,1
16063692,1132,1
16067408,1243,1
16071132,1360,1
16074856,1489,1
16078576,1612,1
16082300,1750,1
16086024,1888,1
16089748,2049,1
16093472,2191,1
16097192,2324,1
16100916,2442,1
16104640,2562,1
16108356,2679,1
16112080,2795,1
16115804,2900,1
16119520,3013,1
16123244,3125,1
16126964,3234,1
16130692,3337,1
16134416,3456,1
16138136,3578,1
16141860,3709,1
16145584,3848,1
16149300,3988,1
16153024,38,1
16156748,177,1
16160464,321,1
16164188,474,1
16167908,616,1
16171636,757,1
16175360,899,1
16179080,1036,1
16182804,1181,1
16186528,1329,1
16190244,1491,1
16193968,1646,1
16197692,1811,1
16201412,1980,1
16205136,2152,1
16208856,2313,1
16212580,2468,1
16216304,2604,1
16220020,2739,1
16223744,2862,1
16227468,2989,1
16231188,3117,1
16234912,3239,1
16238636,3343,1
16242352,3465,1
16246076,3602,1
16249796,3741,1
16253524,3880,1
16257248,4020,1
16260968,60,1
16264692,190,1
16268416,320,1
16272136,472,1
16275860,613,1
16279584,745,1
16283308,869,1
16287032,997,1
16290748,1125,1
16294472,1264,1
16298196,1401,1
16301912,1549,1
16305636,1694,1
16309360,1852,1
16313076,2013,1
16316804,2172,1
16320528,2312,1
16324244,2442,1
16327968,2564,1
16331684,2689,1
16335408,2804,1
16339132,2917,1
16342852,3031,1
16346576,3152,1
16350300,3262,1
16354016,3370,1
16357740,3481,1
16361456,3603,1
16365180,3722,1
16368904,3850,1
16372624,3981,1
16376348,24,1
16380072,152,1
16383788,284,1
16387512,420,1
16391236,557,1
16394952,682,1
16398676,807,1
16402392,929,1
16406116,1054,1
16409840,1177,1
16413556,1309,1
16417280,1453,1
16421004,1604,1
16424720,1754,1
16428444,1908,1
16432168,2069,1
16435884,2219,1
16439608,2374,1
16443324,2513,1
16447048,2647,1
16450772,2771,1
16454492,2898,1
16458216,3025,1
16461940,3168,1
16465660,3292,1
16469388,3411,1
16473112,3541,1
16476828,3684,1
16480552,3822,1
16484272,3964,1
16487996,4095,1
16491720,145,1
16495440,272,1
16499164,421,1
16502888,567,1
16506608,700,1
16510332,832,1
16514056,959,1
16517780,1093,1
16521504,1223,1
16525224,1361,1
16528948,1503,1
16532672,1648,1
16536392,1788,1
16540116,1941,1
16543840,2087,1
16547560,2230,1
16551284,2351,1
16555000,2465,1
16558724,2571,1
16562448,2678,1
16566168,2778,1
16569892,2874,1
16573616,2973,1
16577332,3081,1
16581056,3179,1
16584780,3269,1
16588500,3355,1
16592224,3452,1
16595940,3554,1
16599664,3662,1
16603388,3763,1
16607104,3876,1
16610828,3987,1
16614552,4095,1
16618272,118,1
16621996,231,1
16625720,350,1
16629444,474,1
16633168,585,1
16636888,695,1
16640612,805,1
16644336,919,1
16648056,1030,1
16651780,1144,1
16655504,1257,1
16659220,1383,1
16662944,1510,1
16666668,1637,1
16670388,1763,1
16674112,1904,1
16677828,2036,1
16681552,2167,1
16685276,2292,1
16688992,2416,1
16692716,2525,1
16696440,2628,1
16700160,2727,1
16703884,2825,1
16707608,2922,1
16711328,3025,1
16715052,3117,1
16718772,3202,1
16722496,3279,1
16726220,3364,1
16729940,3455,1
16733664,3552,1
16737388,3648,1
16741108,3745,1
16744832,3849,1
16748556,3964,1
16752276,4075,1
16756000,91,1
16759720,198,1
16763444,317,1
16767168,433,1
16770888,549,1
16774612,659,1
16778336,766,1
16782056,873,1
16785780,983,1
16789500,1088,1
16793224,1201,1
16796948,1316,1
16800668,1434,1
16804392,1549,1
16808116,1673,1
16811836,1800,1
16815560,1935,1
16819284,2065,1
16823004,2192,1
16826728,2312,1
16830444,2430,1
16834168,2539,1
16837892,2648,1
16841612,2746,1
16845336,2839,1
16849060,2935,1
16852776,3041,1
16856500,3134,1
16860224,3220,1
16863940,3303,1
16867664,3399,1
16871384,3502,1
16875108,3604,1
16878832,3700,1
16882552,3807,1
16886276,3918,1
16890000,4031,1
16893716,39,1
16897440,147,1
16901164,252,1
16904888,369,1
16908612,479,1
16912332,585,1
16916056,688,1
16919780,795,1
16923500,897,1
16927224,1001,1
16930948,1100,1
16934668,1206,1
16938392,1317,1
16942116,1439,1
16945836,1556,1
16949560,1682,1
16953280,1812,1
16957004,1949,1
16960728,2083,1
16964448,2212,1
16968172,2330,1
16971896,2446,1
16975612,2550,1
16979336,2651,1
16983060,2746,1
16986780,2838,1
16990504,2928,1
16994224,3022,1
16997948,3111,1
17001672,3199,1
17005392,3280,1
17009116,3365,1
17012840,3454,1
17016556,3549,1
17020280,3640,1
17024008,3737,1
17027732,3836,1
17031456,3942,1
17035172,4044,1
17038896,55,1
17042620,156,1
17046340,264,1
17050064,375,1
17053788,478,1
17057504,571,1
17061228,670,1
17064948,766,1
17068672,862,1
17072396,953,1
17076112,1050,1
17079840,1142,1
17083564,1238,1
17087280,1339,1
17091004,1443,1
17094728,1548,1
17098448,1656,1
17102172,1765,1
17105888,1876,1
17109612,1984,1
17113336,2093,1
17117052,2191,1
17120776,2290,1
17124500,2386,1
17128220,2477,1
17131944,2562,1
17135668,2643,1
17139388,2719,1
17143112,2791,1
17146832,2860,1
17150556,2932,1
17154284,3001,1
17158000,3069,1
17161728,3132,1
17165452,3196,1
17169172,3254,1
17172896,3319,1
17176620,3391,1
17180336,3466,1
17184060,3535,1
17187776,3608,1
17191500,3687,1
17195224,3767,1
17198944,3844,1
17202668,3932,1
17206392,4020,1
17210108,13,1
17213832,101,1
17217556,191,1
17221280,283,1
17225004,379,1
17228724,470,1
17232448,564,1
17236172,654,1
17239892,746,1
17243616,836,1
17247340,928,1
17251060,1016,1
17254784,1109,1
17258508,1203,1
17262228,1305,1
17265952,1405,1
17269668,1513,1
17273392,1623,1
17277116,1744,1
17280836,1862,1
17284560,1985,1
17288284,2100,1
17292000,2211,1
17295724,2310,1
17299440,2408,1
17303164,2494,1
17306888,2578,1
17310604,2661,1
17314328,2744,1
17318052,2818,1
17321768,2890,1
17325492,2964,1
17329216,3039,1
17332936,3104,1
17336660,3168,1
17340376,3229,1
17344100,3292,1
17347824,3356,1
17351544,3424,1
17355268,3489,1
17358992,3555,1
17362712,3621,1
17366440,3688,1
17370164,3756,1
17373884,3827,1
17377608,3899,1
17381324,3971,1
17385048,4038,1
17388776,14,1
17392492,87,1
17396216,157,1
17399940,223,1
17403656,294,1
17407380,360,1
17411104,426,1
17414828,487,1
17418552,549,1
17422268,608,1
17425992,667,1
17429716,721,1
17433432,773,1
17437156,825,1
17440880,878,1
17444600,925,1
17448324,972,1
17452048,1021,1
17455764,1069,1
17459488,1114,1
17463204,1162,1
17466928,1210,1
17470652,1259,1
17474372,1305,1
17478096,1353,1
17481820,1401,1
17485536,1446,1
17489264,1490,1
17492980,1542,1
17496708,1590,1
17500432,1634,1
17504152,1678,1
17507876,1730,1
17511600,1785,1
17515320,1835,1
17519044,1877,1
17522768,1928,1
17526488,1978,1
17530212,2025,1
17533932,2067,1
17537656,2118,1
17541380,2169,1
17545100,2210,1
17548824,2251,1
17552548,2296,1
17556264,2337,1
17559988,2379,1
17563712,2416,1
17567432,2451,1
17571156,2485,1
17574876,2519,1
17578600,2551,1
17582324,2585,1
17586040,2618,1
17589764,2645,1
17593488,2673,1
17597204,2701,1
17600928,2727,1
17604652,2754,1
17608368,2781,1
17612092,2806,1
17615808,2829,1
17619532,2854,1
17623256,2879,1
17626972,2906,1
17630696,2930,1
17634420,2954,1
17638140,2979,1
17641864,3004,1
17645588,3029,1
17649304,3055,1
17653028,3077,1
17656748,3102,1
17660472,3126,1
17664196,3152,1
17667912,3174,1
17671636,3197,1
17675360,3225,1
17679080,3249,1
17682804,3269,1
17686524,3294,1
17690248,3320,1
17693976,3346,1
17697692,3370,1
17701416,3396,1
17705140,3421,1
17708860,3449,1
17712584,3476,1
17716308,3505,1
17720028,3534,1
17723752,3568,1
17727468,3597,1
17731192,3631,1
17734916,3665,1
17738632,3704,1
17742356,3738,1
17746080,3774,1
17749796,3815,1
17753520,3858,1
17757244,3897,1
17760960,3936,1
17764688,3976,1
17768408,4019,1
17772132,4058,1
17775856,4095,1
17779576,47,1
17783300,88,1
17787024,123,1
17790740,158,1
17794464,201,1
17798188,249,1
17801912,286,1
17805636,322,1
17809352,358,1
17813076,395,1
17816800,427,1
17820520,458,1
17824244,491,1
17827968,526,1
17831688,555,1
17835412,583,1
17839136,611,1
17842860,638,1
17846584,665,1
17850300,695,1
17854024,720,1
17857748,744,1
17861464,769,1
17865188,793,1
17868912,817,1
17872632,841,1
17876356,864,1
17880080,889,1
17883804,910,1
17887528,931,1
17891248,952,1
17894972,972,1
17898696,994,1
17902412,1015,1
17906136,1033,1
17909860,1051,1
17913580,1069,1
17917304,1086,1
17921028,1108,1
17924756,1132,1
17928484,1153,1
17932200,1171,1
17935924,1192,1
17939648,1211,1
17943364,1230,1
17947088,1246,1
17950812,1266,1
17954528,1283,1
17958252,1298,1
17961968,1314,1
17965692,1332,1
17969416,1348,1
17973136,1363,1
17976860,1378,1
17980584,1391,1
17984304,1401,1
17988028,1414,1
17991752,1424,1
17995468,1432,1
17999192,1440,1
18002908,1447,1
18006632,1451,1
18010356,1455,1
18014072,1458,1
18017796,1461,1
18021520,1464,1
18025236,1466,1
18028960,1467,1
18032684,1468,1
18036400,1468,1
18040124,1469,1
18043844,1470,1
18047568,1470,1
18051292,1471,1
18055012,1472,1
18058736,1473,1
18062460,1475,1
18066180,1477,1
18069904,1479,1
18073628,1481,1
18077348,1483,1
18081072,1486,1
18084792,1490,1
18088516,1493,1
18092240,1497,1
18095960,1501,1
18099684,1505,1
18103408,1511,1
18107128,1517,1
18110852,1523,1
18114576,1531,1
18118296,1543,1
18122020,1555,1
18125740,1566,1
18129464,1580,1
18133188,1595,1
18136908,1610,1
18140636,1624,1
18144360,1641,1
18148080,1660,1
18151804,1679,1
18155528,1694,1
18159256,1712,1
18162980,1729,1
18166700,1747,1
18170424,1767,1
18174148,1794,1
18177868,1816,1
18181592,1836,1
18185316,1857,1
18189032,1881,1
18192756,1903,1
18196476,1924,1
18200204,1946,1
18203928,1969,1
18207648,1991,1
18211372,2015,1
18215096,2037,1
18218812,2059,1
18222536,2081,1
18226260,2101,1
18229980,2120,1
18233704,2140,1
18237424,2156,1
18241148,2175,1
18244872,2193,1
18248592,2210,1
18252316,2226,1
18256040,2248,1
18259760,2269,1
18263488,2281,1
18267212,2293,1
18270932,2308,1
18274660,2319,1
18278376,2329,1
18282100,2338,1
18285824,2348,1
18289544,2356,1
18293268,2367,1
18296992,2376,1
18300712,2385,1
18304436,2394,1
18308160,2403,1
18311876,2411,1
18315600,2419,1
18319316,2426,1
18323040,2434,1
18326764,2441,1
18330484,2447,1
18334208,2452,1
18337932,2457,1
18341652,2462,1
18345376,2466,1
18349100,2468,1
18352820,2471,1
18356544,2473,1
18360260,2474,1
18363984,2476,1
18367708,2478,1
18371428,2479,1
18375152,2480,1
18378876,2482,1
18382596,2483,1
18386320,2484,1
18390044,2485,1
18393760,2485,1
18397484,2486,1
18401200,2487,1
18404924,2488,1
18408652,2489,1
18412368,2491,1
18416092,2492,1
18419816,2494,1
18423532,2495,1
18427256,2498,1
18430972,2502,1
18434696,2505,1
18438420,2509,1
18442136,2514,1
18445860,2519,1
18449584,2524,1
18453300,2528,1
18457024,2532,1
18460748,2537,1
18464468,2542,1
18468192,2544,1
18471912,2547,1
18475636,2549,1
18479360,2550,1
18483080,2551,1
18486804,2551,1
18490528,2551,1
18494244,2551,1
18497968,2551,1
18501692,2551,1
18505408,2551,1
18509132,2551,1
18512852,2551,1
18516576,2551,1
18520300,2551,1
18524020,2551,1
18527744,2551,1
18531468,2551,1
18535188,2551,1
18538912,2551,1
18542636,2551,1
18546352,2551,1
18550076,2551,1
18553796,2551,1
18557520,2551,1
18561244,2551,1
18564964,2551,1
18568688,2552,1
18572412,2552,1
18576132,2552,1
18579856,2553,1
18583580,2554,1
18587296,2555,1
18591020,2555,1
18594740,2557,1
18598468,2557,1
18602196,2559,1
18605912,2562,1
18609636,2564,1
18613360,2567,1
18617080,2570,1
18620804,2574,1
18624528,2579,1
18628244,2585,1
18631968,2591,1
18635684,2599,1
18639408,2608,1
18643132,2617,1
18646852,2628,1
18650576,2637,1
18654300,2647,1
18658020,2660,1
18661744,2669,1
18665460,2679,1
18669184,2689,1
18672908,2697,1
18676624,2706,1
18680348,2713,1
18684072,2718,1
18687788,2725,1
18691512,2730,1
18695236,2734,1
18698952,2738,1
18702676,2742,1
18706396,2746,1
18710120,2751,1
18713844,2754,1
18717564,2758,1
18721288,2760,1
18725012,2763,1
18728732,2766,1
18732456,2769,1
18736180,2771,1
18739896,2774,1
18743620,2776,1
18747336,2778,1
18751060,2785,1
18754784,2789,1
18758500,2789,1
18762224,2791,1
18765948,2793,1
18769664,2795,1
18773388,2797,1
18777112,2799,1
18780828,2800,1
18784552,2802,1
18788272,2805,1
18791996,2806,1
18795724,2807,1
18799444,2808,1
18803168,2811,1
18806892,2815,1
18810608,2817,1
18814332,2820,1
18818056,2824,1
18821776,2826,1
18825500,2828,1
18829216,2831,1
18832940,2832,1
18836664,2834,1
18840384,2835,1
18844108,2836,1
18847832,2838,1
18851548,2839,1
18855272,2840,1
18858988,2842,1
18862712,2844,1
18866436,2845,1
18870156,2845,1
18873880,2846,1
18877604,2847,1
18881324,2847,1
18885048,2848,1
18888772,2849,1
18892488,2849,1
18896212,2849,1
18899932,2850,1
18903656,2850,1
18907380,2851,1
18911100,2851,1
18914824,2851,1
18918552,2852,1
18922268,2852,1
18925992,2852,1
18929716,2852,1
18933436,2852,1
18937160,2852,1
18940876,2852,1
18944600,2852,1
18948324,2852,1
18952044,2852,1
18955768,2852,1
18959492,2852,1
18963208,2852,1
18966932,2852,1
18970656,2852,1
18974372,2852,1
18978096,2852,1
18981816,2852,1
18985540,2852,1
18989264,2853,1
18992984,2853,1
18996708,2853,1
19000432,2853,1
19004148,2854,1
19007872,2855,1
19011596,2857,1
19015312,2858,1
19019036,2861,1
19022756,2863,1
19026480,2865,1
19030208,2868,1
19033924,2872,1
19037648,2875,1
19041372,2879,1
19045088,2886,1
19048812,2891,1
19052528,2898,1
19056252,2906,1
19059976,2915,1
19063692,2924,1
19067416,2934,1
19071140,2944,1
19074860,2957,1
19078584,2968,1
19082308,2981,1
19086024,2993,1
19089748,3005,1
19093464,3016,1
19097188,3027,1
19100912,3040,1
19104632,3052,1
19108356,3064,1
19112080,3079,1
19115800,3094,1
19119524,3107,1
19123248,3121,1
19126964,3136,1
19130688,3150,1
19134408,3164,1
19138132,3177,1
19141856,3192,1
19145576,3204,1
19149300,3218,1
19153024,3232,1
19156744,3247,1
19160468,3262,1
19164192,3277,1
19167912,3291,1
19171636,3305,1
19175352,3318,1
19179076,3334,1
19182800,3347,1
19186520,3358,1
19190244,3370,1
19193968,3383,1
19197684,3396,1
19201408,3409,1
19205132,3421,1
19208852,3437,1
19212576,3451,1
19216296,3462,1
19220020,3474,1
19223744,3486,1
19227460,3496,1
19231184,3506,1
19234908,3515,1
19238624,3526,1
19242348,3535,1
19246064,3543,1
19249788,3550,1
19253512,3558,1
19257232,3566,1
19260956,3574,1
19264684,3583,1
19268404,3592,1
19272128,3601,1
19275852,3610,1
19279572,3618,1
19283296,3627,1
19287016,3634,1
19290740,3642,1
19294468,3649,1
19298184,3655,1
19301908,3662,1
19305632,3667,1
19309352,3672,1
19313076,3675,1
19316800,3679,1
19320516,3682,1
19324240,3685,1
19327960,3687,1
19331684,3689,1
19335408,3692,1
19339128,3694,1
19342852,3695,1
19346576,3698,1
19350296,3700,1
19354020,3702,1
19357744,3703,1
19361460,3705,1
19365184,3707,1
19368900,3708,1
19372624,3710,1
19376348,3711,1
19380064,3713,1
19383788,3715,1
19387516,3717,1
19391236,3718,1
19394960,3720,1
19398684,3721,1
19402404,3722,1
19406128,3723,1
19409848,3723,1
19413572,3723,1
19417296,3724,1
19421016,3725,1
19424740,3726,1
19428464,3726,1
19432184,3727,1
19435908,3728,1
19439632,3728,1
19443352,3730,1
19447076,3730,1
19450792,3731,1
19454516,3733,1
19458244,3734,1
19461960,3736,1
19465684,3737,1
19469408,3739,1
19473124,3741,1
19476848,3743,1
19480564,3745,1
19484288,3747,1
19488012,3749,1
19491732,3751,1
19495456,3754,1
19499180,3757,1
19502900,3759,1
19506624,3764,1
19510348,3767,1
19514064,3770,1
19517788,3772,1
19521508,3775,1
19525232,3777,1
19528956,3780,1
19532672,3783,1
19536396,3786,1
19540120,3789,1
19543840,3791,1
19547564,3794,1
19551288,3796,1
19555004,3799,1
19558728,3802,1
19562444,3805,1
19566168,3808,1
19569892,3812,1
19573608,3816,1
19577332,3820,1
19581056,3823,1
19584772,3826,1
19588496,3830,1
19592220,3834,1
19595940,3838,1
19599664,3841,1
19603384,3844,1
19607108,3847,1
19610832,3850,1
19614548,3853,1
19618272,3856,1
19621996,3858,1
19625716,3861,1
19629440,3863,1
19633164,3866,1
19636884,3868,1
19640608,3870,1
19644328,3872,1
19648052,3874,1
19651776,3876,1
19655492,3878,1
19659216,3880,1
19662940,3883,1
19666656,3885,1
19670380,3887,1
19674096,3889,1
19677820,3891,1
19681544,3894,1
19685260,3896,1
19688984,3899,1
19692708,3901,1
19696428,3903,1
19700152,3905,1
19703876,3907,1
19707592,3909,1
19711316,3911,1
19715032,3913,1
19718756,3914,1
19722480,3916,1
19726200,3918,1
19729924,3920,1
19733648,3921,1
19737368,3922,1
19741092,3924,1
19744816,3926,1
19748536,3927,1
19752260,3928,1
19755980,3930,1
19759708,3931,1
19763432,3933,1
19767152,3935,1
19770876,3936,1
19774600,3938,1
19778320,3940,1
19782044,3942,1
19785768,3944,1
19789488,3947,1
19793212,3949,1
19796928,3952,1
19800652,3954,1
19804380,3957,1
19808096,3959,1
19811820,3962,1
19815544,3965,1
19819264,3968,1
19822988,3970,1
19826712,3973,1
19830432,3976,1
19834156,3978,1
19837872,3981,1
19841596,3983,1
19845320,3986,1
19849036,3989,1
19852760,3992,1
19856484,3995,1
19860204,3998,1
19863928,4001,1
19867644,4003,1
19871368,4005,1
19875092,4008,1
19878808,4010,1
19882532,4013,1
19886256,4015,1
19889976,4017,1
19893700,4018,1
19897424,4020,1
19901144,4020,1
19904868,4021,1
19908584,4022,1
19912308,4023,1
19916032,4023,1
19919748,4025,1
19923472,4026,1
19927196,4028,1
19930916,4029,1
19934640,4031,1
19938364,4032,1
19942084,4033,1
19945808,4033,1
19949528,4034,1
19953252,4034,1
19956976,4034,1
19960696,4035,1
19964420,4034,1
19968144,4034,1
19971864,4035,1
19975588,4034,1
19979312,4034,1
19983032,4034,1
19986756,4034,1
19990472,4035,1
19994196,4034,1
19997920,4035,1
20001636,4034,1
20005360,4034,1
20009084,4034,1
20012800,4034,1
20016524,4034,1
20020248,4034,1
20023968,4034,1
20027692,4034,1
20031412,4035,1
20035136,4036,1
20038860,4037,1
20042576,4039,1
20046300,4040,1
20050024,4041,1
20053744,4043,1
20057468,4045,1
20061192,4046,1
20064912,4047,1
20068636,4048,1
20072356,4049,1
20076080,4050,1
20079804,4050,1
20083524,4050,1
20087248,4050,1
20090972,4050,1
20094688,4050,1
20098412,4049,1
20102128,4050,1
20105852,4050,1
20109576,4050,1
20113296,4050,1
20117020,4049,1
20120744,4050,1
20124460,4050,1
20128184,4049,1
20131908,4050,1
20135624,4050,1
20139348,4049,1
20143064,4050,1
20146788,4050,1
20150512,4050,1
20154228,4051,1
20157952,4052,1
20161676,4053,1
20165392,4053,1
20169116,4054,1
20172840,4055,1
20176560,4057,1
20180284,4059,1
20184004,4062,1
20187728,4066,1
20191452,4070,1
20195172,4074,1
20198896,4078,1
20202620,4083,1
20206336,4087,1
20210060,4090,1
20213784,4093,1
20217504,4095,1
20221228,4095,1
20224944,4095,1
20228668,14,1
20232392,16,1
20236108,17,1
20239832,19,1
20243556,22,1
20247280,25,1
20251004,28,1
20254728,30,1
20258452,31,1
20262176,32,1
20265896,32,1
20269624,32,1
20273348,33,1
20277064,33,1
20280788,33,1
20284512,33,1
20288236,33,1
20291960,33,1
20295676,33,1
20299400,33,1
20303124,34,1
20306840,34,1
20310564,34,1
20314288,35,1
20318004,35,1
20321728,35,1
20325452,35,1
20329176,35,1
20332900,35,1
20336616,35,1
20340344,35,1
20344068,35,1
20347788,35,1
20351512,35,1
20355236,35,1
20358952,35,1
20362676,35,1
20366400,35,1
20370124,35,1
20373848,35,1
20377564,35,1
20381292,35,1
20385016,35,1
20388736,35,1
20392460,35,1
20396184,35,1
20399904,35,1
20403628,35,1
20407352,35,1
20411076,35,1
20414800,35,1
20418516,35,1
20422240,35,1
20425964,35,1
20429684,35,1
20433408,35,1
20437132,35,1
20440848,35,1
20444572,35,1
20448296,35,1
20452020,35,1
20455744,35,1
20459460,35,1
20463184,35,1
20466908,35,1
20470624,35,1
20474348,35,1
20478072,36,1
20481792,36,1
20485520,36,1
20489244,36,1
20492968,36,1
20496692,36,1
20500412,36,1
20504136,36,1
20507860,36,1
20511580,36,1
20515304,36,1
20519032,36,1
20522748,36,1
20526472,36,1
20530196,36,1
20533920,36,1
20537644,36,1
20541364,36,1
20545088,37,1
20548812,37,1
20552528,37,1
20556256,38,1
20559984,39,1
20563712,40,1
20567436,41,1
20571160,41,1
20574884,42,1
20578608,42,1
20582324,43,1
20586048,43,1
20589772,43,1
20593488,44,1
20597212,44,1
20600936,44,1
20604660,44,1
20608384,44,1
20612108,44,1
20615832,44,1
20619556,44,1
20623276,45,1
20627000,45,1
20630724,45,1
20634444,45,1
20638168,46,1
20641892,46,1
20645616,46,1
20649340,47,1
20653068,47,1
20656792,48,1
20660516,49,1
20664232,51,1
20667956,52,1
20671680,54,1
20675400,57,1
20679124,60,1
20682848,62,1
20686572,64,1
20690296,66,1
20694016,67,1
20697740,68,1
20701464,69,1
20705184,69,1
20708908,70,1
20712632,70,1
20716348,71,1
20720072,71,1
20723796,71,1
20727520,71,1
20731244,72,1
20734960,75,1
20738684,76,1
20742412,76,1
20746132,78,1
20749856,80,1
20753580,82,1
20757300,83,1
20761024,84,1
20764748,86,1
20768472,88,1
20772196,93,1
20775916,98,1
20779640,98,1
20783364,99,1
20787080,99,1
20790804,100,1
20794532,100,1
20798248,100,1
20801972,100,1
20805696,100,1
20809412,100,1
20813136,100,1
20816856,100,1
20820580,100,1
20824304,100,1
20828020,100,1
20831744,100,1
20835468,100,1
20839184,100,1
20842908,100,1
20846632,100,1
20850356,100,1
20854080,100,1
20857796,100,1
20861520,100,1
20865244,100,1
20868964,100,1
20872688,100,1
20876412,100,1
20880128,100,1
20883852,100,1
20887576,100,1
20891304,100,1
20895028,100,1
20898748,100,1
20902472,100,1
20906200,100,1
20909916,100,1
20913640,100,1
20917368,100,1
20921088,100,1
20924812,100,1
20928536,100,1
20932260,100,1
20935988,100,1
20939704,100,1
20943428,100,1
20947152,100,1
20950872,100,1
20954596,101,1
20958320,102,1
20962040,102,1
20965764,103,1
20969488,103,1
20973212,104,1
20976936,104,1
20980652,104,1
20984376,104,1
20988104,104,1
20991824,104,1
20995548,104,1
20999272,104,1
21002988,104,1
21006712,105,1
21010436,105,1
21014160,105,1
21017884,106,1
21021604,107,1
21025328,109,1
21029052,112,1
21032772,112,1
21036496,113,1
21040220,115,1
21043936,117,1
21047660,118,1
21051380,119,1
21055104,121,1
21058828,122,1
21062548,124,1
21066272,125,1
21069996,126,1
21073712,127,1
21077436,128,1
21081160,128,1
21084880,129,1
21088604,129,1
21092324,129,1
21096048,129,1
21099772,129,1
21103492,129,1
21107216,129,1
21110940,129,1
21114660,129,1
21118384,129,1
21122108,129,1
21125832,129,1
21129556,129,1
21133272,129,1
21137000,129,1
21140724,129,1
21144440,129,1
21148164,129,1
21151888,129,1
21155608,129,1
21159332,129,1
21163056,129,1
21166780,129,1
21170504,130,1
21174224,131,1
21177948,132,1
21181672,133,1
21185392,135,1
21189116,136,1
21192840,140,1
21196556,143,1
21200284,145,1
21204008,147,1
21207732,149,1
21211456,151,1
21215172,154,1
21218896,155,1
21222620,156,1
21226340,156,1
21230064,158,1
21233788,159,1
21237504,160,1
21241228,162,1
21244952,166,1
21248676,170,1
21252400,172,1
21256120,175,1
21259844,178,1
21263568,182,1
21267288,186,1
21271012,188,1
21274736,190,1
21278456,192,1
21282180,194,1
21285904,196,1
21289628,197,1
21293356,199,1
21297072,200,1
21300796,201,1
21304520,203,1
21308236,206,1
21311960,208,1
21315684,210,1
21319404,212,1
21323128,213,1
21326852,214,1
21330576,216,1
21334304,218,1
21338020,219,1
21341744,220,1
21345468,220,1
21349184,222,1
21352908,223,1
21356632,224,1
21360352,224,1
21364076,225,1
21367796,225,1
21371520,225,1
21375244,225,1
21378960,226,1
21382684,226,1
21386408,226,1
21390128,226,1
21393852,226,1
21397576,226,1
21401292,226,1
21405016,226,1
21408736,226,1
21412460,226,1
21416184,226,1
21419904,226,1
21423628,226,1
21427352,226,1
21431068,227,1
21434792,227,1
21438516,227,1
21442240,227,1
21445964,228,1
21449680,228,1
21453404,228,1
21457132,228,1
21460852,229,1
21464576,229,1
21468304,230,1
21472020,230,1
21475744,230,1
21479468,230,1
21483192,230,1
21486916,231,1
21490636,231,1
21494360,232,1
21498084,233,1
21501800,233,1
21505524,234,1
21509248,234,1
21512964,234,1
21516688,235,1
21520412,235,1
21524136,235,1
21527860,235,1
21531580,235,1
21535304,235,1
21539028,235,1
21542744,235,1
21546468,235,1
21550192,235,1
21553908,235,1
21557632,235,1
21561356,235,1
21565080,235,1
21568804,235,1
21572520,235,1
